AOB,CWL,ACWR
0,0,Inf
25.2084240896627,38.9695914061423,7.05583684001802
4.78549833860046,74.6488277767489,4.29472998508256
0,0,Inf
0,0,Inf
1.85394795922941,41.9183455039467,3.88390681047524
2.45981124372525,64.9116311650042,2.00258429294108
0,68.6982553064847,0.228903820000808
9.88229689515382,56.0425262315948,3.19965554101016
2.89400971741984,57.2541666696766,2.22102046135401
0,54.5416196882713,3.40892819372597
0,44.3138758629332,6.15789253955663
27.420268102452,65.5440786660032,2.84610658143066
1.8330436170157,88.2762451749559,1.66591533074285
40.3362738645924,95.2636403967115,1.93818924425741
11.1859700215984,115.878310299729,0.160857600442417
16.4740837498782,116.943158430663,0.813170456079992
88.2891897789492,128.174678105894,6.1645453812651
131.316816651532,228.438882410734,0.688224778947732
155.552319756955,232.138951367685,1.08051274428812
3.24400289625311,162.371672138158,2.57219575665566
4.61133311633316,92.7660145635771,0.867373111935296
4.35092059500695,103.60193079465,2.87941616320801
51.9965608389414,145.596524148174,1.02947124648385
7.97510257812575,159.580934770973,1.45015845492053
0,175.939706072513,0.663964119864432
0,104.728575362978,0.715434122144667
7.49306909239567,115.43234627416,1.54583213210863
0,51.8128584761153,1.77286082277028
4.07981776464437,48.2470491641729,1.5352531078737
0,0,Inf
NaN,NaN,NaN
0,NaN,NaN
6.62720721839106,NaN,NaN
0,NaN,NaN
0,NaN,NaN
0,NaN,NaN
0,NaN,NaN
0,NaN,NaN
NaN,NaN,NaN
0,NaN,NaN
0,NaN,NaN
NaN,NaN,NaN
0,NaN,NaN
NaN,NaN,NaN
NaN,NaN,NaN
NaN,NaN,NaN
NaN,NaN,NaN
0,NaN,NaN
NaN,NaN,NaN
NaN,NaN,NaN
NaN,NaN,NaN
0,NaN,NaN
NaN,NaN,NaN
NaN,NaN,NaN
NaN,NaN,NaN
NaN,NaN,NaN
NaN,NaN,NaN
NaN,NaN,NaN
0,NaN,NaN
51.9743706763488,NaN,NaN
NaN,NaN,NaN
NaN,NaN,NaN
0,NaN,NaN
1.6613822290597,NaN,NaN
0,NaN,NaN
NaN,NaN,NaN
0,NaN,NaN
NaN,NaN,NaN
5.94817245561977,NaN,NaN
NaN,NaN,NaN
0,NaN,NaN
NaN,NaN,NaN
0,NaN,NaN
NaN,NaN,NaN
NaN,NaN,NaN
NaN,NaN,NaN
NaN,NaN,NaN
0,NaN,NaN
0,0,Inf
0,0,Inf
25.1996937307509,46.8715749584901,7.61113546264693
0,0,Inf
16.6228623048371,26.4913359682625,NaN
NaN,NaN,NaN
0,0,Inf
NaN,NaN,NaN
NaN,NaN,NaN
0,NaN,NaN
NaN,NaN,NaN
0,NaN,NaN
0,NaN,NaN
NaN,NaN,NaN
NaN,NaN,NaN
NaN,NaN,NaN
0,0,Inf
0,NaN,NaN
NaN,NaN,NaN
0,NaN,NaN
NaN,NaN,NaN
0,0,Inf
0,35.5504526571434,5.25920007133035
0,0,Inf
0,0,Inf
29.4149509191135,42.9286092627712,6.35617636330291
0,0,Inf
1.76065108790518,27.4298354403312,8.80015583623474
0,61.6621462045145,3.19729883091694
20.1066804891372,89.8267616290179,1.75782457738023
0,82.0816417328047,2.90660670071932
24.5154555381938,116.164363142321,1.50513671233926
12.7578256160341,103.407451248541,2.50894251294334
29.442874636006,138.648240530904,1.56142756256003
0,113.383976163885,2.13549499100564
2.41520952542792,126.498707744665,1.46757868952676
19.2044116414759,91.942347669393,2.94783462863922
2.42474789737826,127.917551191785,2.14174942798759
23.9828704700474,132.119219911631,2.11984329990688
31.9639833940962,142.52744483095,1.96953073674955
24.8311563064331,182.035249120121,1.43932130126026
26.1763708713956,215.917542739032,1.04059250190078
NaN,NaN,NaN
NaN,NaN,NaN
27.3395806663341,NaN,NaN
0,34.3498365489423,5.2347268706988
17.4761277032105,25.68743034098,10.8654872182497
22.5554928073163,63.0631901033211,4.32816988760931
28.6413622267732,98.8335769053868,3.11058459012201
12.7927562215586,138.660553917067,0.596475523074599
1.39477922320607,148.648392517915,2.1646723622695
21.5687206941575,202.34402170472,1.52557951001729
28.0861188688167,205.985858055673,1.44283786248482
26.7376808861901,168.833933709118,2.20265983011761
3.48840878125469,208.152672659073,1.10366835711717
16.3361448252525,194.70450433419,1.74525579785793
41.775852810682,207.300488804856,1.14930051623469
19.6073814815164,194.350707832768,1.82507053639504
0,122.149156476154,0.693927277844705
0.731558364378236,88.0476723920797,1.29189753854198
1.01030919668632,28.2542349311178,3.591302229642
0,42.6055474608701,2.94736230653209
0,0,Inf
0,0,Inf
0,0,Inf
0,0,Inf
114.951762206916,16.4236282245418,9.61627159528514
0,19.5276425015927,2.73726713314476
0,0,Inf
0,6.43208622978989,14.6578560010607
0.879286875537073,13.4686562489522,6.82741105545311
0,0,Inf
0,1.65358460301934,67.2588594501779
0,6.7701351013226,8.01297978171408
0.624357246922392,14.5199859136613,6.76694734364872
0.908625081938365,21.6972255068165,2.46859066568046
3.27023886150152,29.2190745461526,2.75590614067454
0.677831800145643,40.2554728468766,1.81167461661038
0,0,Inf
5.5877521002318,9.87952769289301,8.86775968427596
0,0,Inf
0,14.8957023681446,3.53287511710211
20.1819260589822,22.4135104035984,3.79683113989205
1.39224766334471,30.8705465859913,2.78557315954721
0,42.9562492041548,2.59976371321724
0,28.0394308948604,1.03668077900085
3.44252229327644,20.1062909999576,5.9149076543522
0,16.4977617490007,8.99094828598952
73.6215898550098,21.1900746742631,10.5453146832846
47.5784365409597,42.5949912096052,4.02465551753357
22.7168310279956,71.9963470100157,1.5218292199528
0,4.35162819508222,21.0819634164265
49.6652608130392,17.4574662537413,9.17532894372391
0,47.0701365161585,1.52736207787502
0,10.270448787883,4.62737231442778
37.5890635183009,17.059761698997,5.76693668073438
0,0,Inf
0,0,Inf
43.7033182337944,6.78088203970495,15.8143189866135
1.56704668309566,15.8568410900904,3.28619286866997
0,0,Inf
0,15.1113194817669,3.11039586499676
0,0,Inf
18.5180555009529,12.9454576887512,15.4070444852451
196.381072549857,38.7930558303933,8.34282113220069
23.7461997599053,56.9734063181919,1.12909967834796
0,0,Inf
50.5142119857112,7.28012529631606,14.7097014793806
0,0,Inf
0,0,Inf
0,0,Inf
0,0,Inf
0,0,Inf
0,0,Inf
0,12.3391132932747,7.59351291918637
0,9.54319552121101,10.2486807374801
0,23.5153618229598,5.95489753787133
0,20.004510031671,3.51068560956717
0,0,Inf
0,0,Inf
0,0,Inf
25.2697258296404,33.415717298401,14.7185883474136
112.566888743907,100.067497501126,6.41614053037933
35.2001309559341,175.70753146494,0.781204609103948
125.534136816873,190.288017533333,0.685456591996658
11.3945030668545,190.98802313038,1.82371172248659
0,0,Inf
0,0,Inf
0,0,Inf
45.8049787084234,9.04345935626407,6.63214837419527
13.3275707526582,11.0681144360247,2.74072639906157
30.0766702926896,13.4977005317374,17.7029710484623
18.8361775511399,43.3366621662334,4.56293549626823
14.7338500624668,68.8946931000835,0.625287946584425
5.61535971057878,72.9440032596047,0.310134642597768
22.5326331921299,75.3735893553174,2.60348131423017
4.07077146057559,110.17633036036,0.234188861003816
40.8999462995785,113.280801482659,0.536203533928303
44.9949529232345,84.1167248747503,0.81572278231165
45.0552767414722,87.4911500076847,0.7957501039033
49.7359014426861,71.111555435416,1.04486135840369
11.7632077925071,74.6209575736678,0.689436976268039
51.1619923712036,80.2899917969975,0.943178665784813
5.54273417654647,52.5060550684585,2.79678479361593
139.879564381302,81.1007851702384,2.02766692090437
161.818858266833,84.6101873084901,2.19169629682129
38.78956020438,14.7124935795938,4.30622958843741
0,9.17843636158144,4.32352941176471
39.606152678472,14.8474705849112,4.32208080691194
5.29190831716876,5.66903422332971,22.9484761634338
13.8646643299792,29.1671810790314,9.52530294524724
0,0,Inf
0,0,Inf
0,0,Inf
14.2942787712784,22.839581364355,9.52051165770284
0,0,Inf
16.0819956800228,24.4026875568055,3.56708764850278
86.394134737611,34.5404775131099,6.88097202040394
20.8526080977106,56.151609599037,2.94569807690115
15.011996394213,76.8020496437623,1.20958879661743
91.0448360902816,87.9287499883533,2.0345102498538
176.992323643844,100.47833670519,3.129253369321
33.7696022654383,133.299651054668,0.614039418263532
81.0137117131358,140.168456472225,0.880843367517934
121.743394535112,146.233134115889,1.13612431136775
163.801046769251,152.57536615324,1.36356564283813
204.880836771248,158.896149076204,1.55207477556387
1.96178742789147,144.208261623503,1.05681795934074
151.852519712934,142.023416467952,2.84166969216919
2.78550117494149,145.939996219291,1.75020884577583
253.408145994618,130.954310086821,3.7241416423274
281.041870468094,79.8921488855964,4.37454773075888
109.39457957988,67.2038483839329,2.14893831937905
0,103.778107777666,2.53644745087053
0,89.2959289046122,1.15458004933651
46.6128730525352,104.024400047503,2.80522874115795
34.0296482028819,91.9217570718813,3.5125587864086
0,133.186175252177,3.03469775765026
36.8183537453174,153.322185317744,0.539942844009802
0,0,Inf
0,6.32918501507439,33.9473051432465
0,30.694110716399,2.69984298899374
0,11.8384685172953,3.23760486900163
30.2046075386274,17.3139375620265,2.93051111870818
0,2.93343985650148,26.7505242109814
75.1147529357228,14.1435904140444,7.51996547854706
10.1218467972066,15.6736589462002,6.52422891477058
10.1574337956954,28.8360435318924,4.63610941398863
0,46.4831319725633,2.17661402923604
0,60.936822997465,3.22530233884324
184.090584651613,73.3402608706077,2.99168100490615
22.1577926666659,78.3859866834428,1.81139057744933
1.0457611573841,64.6950629450498,2.40465935485621
0,22.0748324523488,2.67924551336833
59.1233238806961,30.5239604246792,5.71674447548946
0,24.9311791504944,5.69099104884949
0,0,Inf
0,0,Inf
71.635563513634,27.4899015519152,7.09463827239608
51.6581721999732,45.1178078577701,5.53627819022632
1.79060845339879,73.4216026340303,2.84015216459779
15.387927444285,102.955590519156,2.69369150788247
183.804262843766,140.375972294326,1.98679616781129
0,80.5392526550653,2.51096670365867
18.8401037093689,109.429450048554,2.22499395740224
24.3691696641745,111.986856650645,2.12308466967255
11.050629055002,105.050533289135,0.974218431856717
0,104.507298401745,1.47112884163894
13.6364844394162,97.5804868426239,1.75066019922323
1.44975672269225,87.9453480835206,2.39540293888403
0,74.3074684964455,0.850446954310389
3.86733812706449,61.3718769856944,1.15355887675436
0,0,Inf
35.4520061767546,36.1727503619262,4.74350755442072
0,55.6204229946715,4.33553844794514
0,0,Inf
0,0,Inf
0,0,Inf
0,0,Inf
0,0,Inf
100.078902965953,30.5183009022583,9.28240380060815
0,0,Inf
61.5392635115655,25.6051379087059,9.4808858954879
0,51.4937275285782,41.2807339449541
0,0,Inf
0,12.7553270024919,10.6769703703704
0,0,Inf
0,0,Inf
0,29.1005699269073,4.142089968993
14.0005572427491,46.3201668963675,6.18082890238311
29.7994030895921,85.2196624783002,8.34766857077839
582.08979208937,182.589104620137,3.98668748060801
85.3608209977727,174.322235463966,4.33585312224349
101.761092701501,270.104348023271,2.96248283672028
0,0,Inf
0,8.45681520605241,6.6977947258953
0,0,Inf
0.0360898119145251,0.458822425920611,1369.30069040738
0,0,Inf
0,0,Inf
0,9.49936807227059,15.444501742139
54.1129694929992,8.38679830196435,30.6024080922525
0,0,Inf
0,0,Inf
0,0,Inf
0,0,Inf
0,0,Inf
0,0,Inf
0,0,Inf
0,0,Inf
58.6489931656277,8.50904489911099,11.4250301328675
0,14.0186307860593,8.9523817776725
0,31.9472214713501,3.58230130670795
10.9006153333555,48.2964462174224,2.70281034009636
0,0,Inf
0,0,Inf
0,0,Inf
0,10.3036451710087,3.42266523266126
0,5.03798972806993,16.4906442901235
83.0012625091358,16.9065178056266,67.0899551009573
0,0,Inf
4.92861311118157,72.8652306793015,1.0508051447123
1.11865045231858,83.0993087017696,2.06100509700934
171.14721392146,107.406372750338,2.30649865070635
16.3434078801388,137.739566187504,2.0596414295885
5.67491282906705,175.932524635103,1.26605551772912
0,134.076641203405,1.80375192723059
212.48746221709,168.62535548444,1.74170890337714
0,89.5024288662184,1.01188775827979
51.1284267610794,102.440487738509,2.16504326636261
0,37.3180105037306,11.4540749892939
0,0,Inf
65.1963128845971,26.6924296007701,10.4836172936607
0,0,Inf
0,0,Inf
0,0,Inf
0,0,Inf
0,0,Inf
0,0,Inf
0,0,Inf
42.3786281200581,65.8273510370927,3.52674209552407
0,0,Inf
0,0,Inf
0,28.0418777857004,7.3117505456533
0,0,Inf
0,0,Inf
0,32.2707673520739,3.40719209611149
0,15.7075290653484,7.53666931780967
32.7516753403756,32.6193079746934,7.71084523769789
0,0,Inf
0,0,Inf
0,0,Inf
0,33.9875398827056,5.69142167007469
0,27.6339172858512,7.75359863234875
0,30.6089004677163,5.30055596903585
0,23.1777414399683,6.98731757693248
0,0,Inf
0,33.0175051378247,6.59494254481632
0,0,Inf
0,0,Inf
0,0,Inf
0,30.6800783418537,6.67754695610814
0,0,Inf
0,0,Inf
0,0,Inf
0,0,Inf
0,24.1999522961268,0.520265058672971
12.4676645857767,25.9985793820165,6.92424719151692
0,25.7347593264012,6.60930908598416
0,24.2984255202284,6.01544590046359
0,0,Inf
0,0,Inf
0,0,Inf
0,0,Inf
0,0,Inf
300.122132672595,42.9007995279005,11.2623901957214
0,128.089530019017,7.29585326953748
933.303141538975,261.592732359413,4.64469475437424
0,173.748238087997,1.60493827160494
0,39.8364567044791,6.64102564102564
0,37.7935614888648,15.8918918918919
599.477776367274,123.595160544666,7.1065320796376
0,163.431617249145,1.60125
0,0,Inf
416.987973156991,63.7383307271665,9.09987765204842
0,87.0273361851697,2.85093896713615
21.0991296667543,122.471568176078,1.55009262397587
0,59.5503955351572,4.07032590051458
0,0,Inf
235.243390046261,35.4442319909083,12.7090467393052
387.035425079184,66.1898049859037,9.09890029397145
0,96.9353779808991,NaN
0,0,Inf
494.003045056919,71.807766828843,8.26358935114813
67.8999782852991,86.0058885773625,1.97000313936558
3.76436032188369,147.497034567353,0.607239051553848
0,0,Inf
NaN,NaN,NaN
NaN,NaN,NaN
NaN,NaN,NaN
NaN,NaN,NaN
67.2107947015729,NaN,NaN
0,NaN,NaN
35.0029196854793,NaN,NaN
NaN,NaN,NaN
NaN,NaN,NaN
0,0,Inf
0,0,Inf
NaN,NaN,NaN
NaN,NaN,NaN
NaN,NaN,NaN
NaN,NaN,NaN
0,0,Inf
319.011777401127,45.7608528297606,13.1744062955631
0,26.7619273245475,5.31679389312977
0,20.3268073953624,12.7688442211055
0,0,Inf
0,0,Inf
0,45.3522737866377,6.57432432432432
0,42.5943652455584,4.86810551558753
0,29.6219806264075,10.6931034482759
322.590097876768,46.2715766336641,8.02244122665835
3.80464825667001,53.2174203667528,7.6626633597438
3.569704227108,110.929210207857,2.75869935723324
302.039247786066,154.1364440181,2.2564430030252
0,49.7444985002085,0.790554414784394
39.3126265074622,55.3624603431478,6.35400680452616
349.65976346207,99.9997208043205,3.96136735613947
0,0,Inf
42.8876929527624,6.12868564684293,56.3478614378525
343.015652429596,49.3359194570856,7.89468449906193
3.42993475646825,55.9753289078321,0.648867071199588
35.8715112140212,60.6739879037451,5.71747992470242
342.413732186055,105.106958843356,3.70674421517022
0,55.8731841470514,0.511882998171846
28.5822662916643,59.95897457828,5.19901391523681
310.134609515045,100.408299847443,3.51599827483719
3.27587038754086,57.4053555587622,4.65315099757025
263.634788054926,88.355218075319,3.38842980471129
297.0335549711,93.4624561143547,6.59777772905382
601.799420119458,139.121164183335,4.66492861391604
0,145.862718394862,1.93627450980392
0,0,Inf
37.8851811264665,5.41367232137793,73.0357916746489
393.367290980921,56.4860527117357,7.93865557096294
0,0,Inf
0,0,Inf
0,0,Inf
37.3693239669174,12.6984966841049,11.5316440409355
0,0,Inf
0,0,Inf
0,0,Inf
0,0,Inf
0,0,Inf
184.078089364404,28.2194300788754,6.62779062156384
0,0,Inf
0.620189182638418,10.0257334914522,41.0988857823679
0,58.7751837810025,5.98979075528382
35.0057881201332,50.2930074930795,6.13127824470838
0,89.3436695763854,2.16975316133104
0,0,Inf
0,50.1647572106501,5.34132831074197
0,0,Inf
0,0,Inf
0,0,Inf
0,27.1473010874261,11.3716491010256
0,0,Inf
0,67.4283604454981,7.25505942672847
401.172922590895,137.313612171063,2.96585153705952
0,0,Inf
0,0,Inf
NaN,NaN,NaN
NaN,NaN,NaN
40.2938046299799,NaN,NaN
0,NaN,NaN
20.1110055571062,NaN,NaN
38.5845064497916,NaN,NaN
93.7242949744629,NaN,NaN
0,61.5582474369666,2.40827693965352
12.4175654036793,55.4574217736266,8.80888216271375
0,123.471754351929,1.96548214649197
50.1352407636321,158.140544176894,4.24507299843105
43.02179769572,212.602011121385,1.66118582669342
43.3917395175981,256.909103965048,1.78027922378942
20.5089442288795,294.87037438302,0.816198916572554
31.2774165389085,258.308032643559,0.773012073005556
0,247.696072997004,1.20816045658154
6.42716911509444,201.706599763664,2.50522406200786
405.202976976298,272.977036632039,NaN
NaN,NaN,NaN
NaN,NaN,NaN
46.1555032227017,NaN,NaN
4.19675509356505,NaN,NaN
41.0569928467016,NaN,NaN
95.2353702219969,NaN,NaN
69.554286975384,NaN,NaN
0,128.714477201664,1.53449779415543
23.4470059658142,156.930488821924,3.25673239178922
52.3565319475663,167.519394395971,1.72683312008599
54.589349447229,210.507114008058,1.49662225154831
278.147337197282,247.715725648978,1.12284892882185
32.9781561571204,247.715725648978,1.32217562700584
34.6577497053252,289.793659752125,1.78970029670634
49.0063412661983,330.718512294246,0.772696499694758
36.9430290643082,360.224040232506,0.761818650115132
0,174.650378061593,0.461088025915529
0,11.504171149403,19.7151891456824
0,43.9051583172291,3.47946776734297
0,54.2247847656673,2.69742204720293
0,42.7191018738048,6.92079286755387
0,63.1310264983257,3.29074916899518
0,73.5883159944872,6.28366491407148
46.9722704015104,139.646075894511,2.24059988428353
21.2181817203422,135.398740970488,3.60291079743401
62.8939351770465,202.057512982088,1.55745425718803
18.8799530896824,208.35080235731,0.952993996426218
34.3366974214691,232.344706255842,2.19446446148721
52.5716742628696,300.278349580366,1.14498292591431
1.91202178464038,188.406289604503,0.5319037929497
0,14.0431426102249,33.4184888649667
86.3421076374773,81.0860861743593,5.00082352603313
31.3635849220461,112.636529240879,5.45334237736937
608.912055952861,195.905382559027,3.11674279025212
58.8278367746216,196.144615803252,1.70071785808113
25.3664272464594,235.395874958742,2.49747591537807
61.0723348608308,315.757175107649,0.917739138188093
2.91160118807707,348.430086950387,1.05858251224557
35.8031911693338,288.069328509195,0.79493507502902
2.26756271559507,232.160273675777,1.60392360898438
37.6461086471309,245.780411849037,1.10156114097354
0,166.045634465712,2.86276115343383
35.213656516367,181.676862529699,1.67984691728633
46.151728225534,220.244814093471,0.855599145677998
129.029724261715,212.972860443495,1.56391608761835
35.1484881076278,242.121711645204,2.0278556329093
50.1303748415622,254.37022698813,1.10287230129523
48.498323836578,287.28558452782,1.02039751220439
0,221.028747042654,2.23401345771669
46.8460615145629,291.56891781916,0.922402483568705
264.479767642216,284.729228028713,1.0460307033429
25.0613388793979,269.167256666154,1.04918096942132
41.6264399083825,276.781808951027,1.82470563828158
453.460937771489,342.98450715936,1.42417556159354
441.272714158618,282.865910963408,1.77146804587754
76.0487090015027,291.410940732137,0.914569960470927
9.83942698297533,250.755556283432,0.479527368072034
0.966305882461906,195.987489071362,1.04919946347211
15.3155904670195,188.731786652826,0.641503413059268
16.5870180161154,203.839857341903,0.696719112024597
0,78.0367126656303,1.38914987541257
1.35879879840179,77.7509933407745,1.49840354360524
1.07429183542035,64.9624080041724,4.05455618391624
0,69.4096708684708,2.82145302530972
3.50568812557793,81.8998760371183,0.372933434000182
6.39419910783947,48.4621169937489,5.77184481174922
3.22121685975572,59.5314732182225,2.23795571595194
0,74.2414832209185,2.10239284868878
0,79.9162809623752,1.4848886109203
85.4458609246592,57.8227318194072,3.00268314114325
0.890678772109383,51.8470028445954,3.42496847839131
135.836516635435,77.0875273688374,2.16417774172632
143.886839483398,81.5153265489691,2.13542555571657
0.675328168892627,63.5293706364184,2.57757341764783
111.244762704968,86.8259833254807,1.69646205210332
2.24265436718923,91.9763009173757,1.31776429970776
0,25.6790243214166,6.45737392468964
1.958564738159,44.2171441673197,4.26109773281663
22.2102923204426,53.8592265421663,0.444451908297601
23.4800107945862,54.1060184986886,2.29050664861233
119.059282586905,68.456044828203,3.66275223042429
6.08563035591242,91.9165870902233,2.28321879685067
0,121.028022666059,0.992146380230737
19.3808229253228,114.754196975003,0.397372835976182
1.46081360283009,91.8633926524277,1.19963073697721
18.2066313046408,107.397869199003,3.94713774703073
0,94.6529354259208,1.36542725064859
2.42198134095992,113.116035052268,0.286349887035937
29.7523355963512,117.397289697727,0.49928987846584
33.9402608224635,104.366636599789,2.31144968258071
3.0842888344878,129.974325573895,3.31154555117554
0,117.529000259516,1.79895731587219
0,129.270137039454,1.41093766787923
39.7479820678497,155.326152136722,NaN
NaN,NaN,NaN
NaN,NaN,NaN
16.1164313964018,NaN,NaN
41.8780157423576,NaN,NaN
5.44141154064168,NaN,NaN
3.5718459792398,NaN,NaN
18.7586133679666,NaN,NaN
0,127.093700317214,3.67004897646037
25.402805463776,141.617199093962,1.56823801659378
0,121.163134648381,1.27789214952338
8.68216508443546,116.851456185924,1.24551634755966
NaN,NaN,NaN
NaN,NaN,NaN
NaN,NaN,NaN
NaN,NaN,NaN
21.1704542840336,NaN,NaN
51.0390088465705,NaN,NaN
0,162.175857220964,2.9829297749585
9.51738000556263,207.136778678384,1.12301260887611
2.87076334834546,141.335164641352,1.43589001908799
0,134.14862444034,3.3210760076743
66.4357797595707,197.79402131053,0.940593189420034
96.2011397082739,145.772412211856,1.97955371896692
1.74127943940063,136.794268228465,1.76688115909794
0,142.492403494141,1.00387703043472
47.344245235696,149.280599557059,2.29255312735032
52.9083311043087,163.927210860358,0.452553437476734
1.13235701291228,166.966852527003,0.567884405279108
21.4748126652179,146.07079237981,2.67310209058618
34.5793085573674,198.783267782501,1.46242448944068
16.1831235528673,214.937747705301,1.00267188141773
24.2741934011547,243.413306609086,0.214403672550454
39.0652004553442,247.401094249584,1.96805579392999
0,199.125205030071,0.602815937715895
15.0839331419349,216.27318320051,1.34891580484305
0,124.633528432096,3.79774057727326
4.76892467947173,175.04806081236,1.09273688902337
27.7439932007576,201.692710629817,2.59231942483039
0,204.804443515003,0.83840650448512
13.0308446937915,229.33435459935,2.16891670339496
0,164.456226237298,1.9603268806727
36.8532263383911,139.781943748063,1.06565294127359
13.0317065283379,155.797059912873,1.34183753999462
16.7140484832202,159.270382697604,2.21259294079965
59.8042508913591,207.225593547883,NaN
NaN,NaN,NaN
47.9476924829513,NaN,NaN
46.6966450202436,NaN,NaN
4.29622336555107,NaN,NaN
0,270.105481830115,0.273895966972932
2.28532985508525,195.563161859746,2.65024248894645
30.0886388106722,208.722313066746,1.65687926665615
59.8129089898195,158.744957709005,1.0476354845032
146.894061289551,173.958377950732,1.33379717081391
25.6876602036867,186.119968102234,3.09764018671687
454.524547790696,264.812115607985,NaN
NaN,NaN,NaN
23.3984894635958,NaN,NaN
3.36116137268448,NaN,NaN
44.8230449929871,NaN,NaN
11.8176836984342,346.642923911482,2.28148087450205
533.758624542692,457.93456926678,NaN
NaN,NaN,NaN
0,NaN,NaN
0,0,Inf
131.069364155248,86.629645773546,7.13101358089006
106.416899213635,270.679471545228,4.56337990987544
0,431.936094866878,1.43457148163274
0,364.30007583908,2.17940059403208
107.945642940797,477.722333223312,1.40746380726265
0,194.055293240244,0.360588554637765
13.1759903436316,204.051595770145,3.65664999522088
53.7671684502258,195.339235007924,1.87172779123255
59.9764725234574,159.256871499371,2.21833993727849
340.789334955159,201.158215186461,1.80826098340797
323.182479707998,204.43781762339,3.91676012226157
5.9158896071659,272.659447886458,2.2211284301044
36.3839600135222,358.330271005032,1.63214605105032
9.49207437775764,426.685879443578,1.92213510116574
0,351.331942740235,NaN
NaN,NaN,NaN
10.3145913988479,NaN,NaN
0,NaN,NaN
108.111213465296,NaN,NaN
52.3114778606079,NaN,NaN
65.8436128715466,399.439511719783,0.901882773576282
81.3320071984219,356.415982708186,3.11445243830969
0,460.122460272668,1.4701602024422
0,368.838915337383,0.44460694120647
8.08797858693301,107.603938593021,4.72790303953787
13.0084410737836,96.1180028370367,2.53766499597717
115.904021195136,129.104695724036,3.60596560714277
6.26629716030172,155.626799918366,1.16157384499405
12.2123577838895,180.556188947651,3.17915758890605
5.4124900797914,260.813934738078,1.79633531613575
0,171.343819366933,1.3478081535354
29.8973271281437,179.405658452026,3.21591088747284
71.2696997840184,257.556413189449,1.8403440437505
17.6613679774504,251.138367267752,2.33996195558522
37.1301322206017,266.409233722943,1.02071012139514
20.4496205560708,299.951586447733,1.75040655637112
7.14802766671683,339.044301612777,0.62722074779506
14.6916305430195,232.719958527865,2.50549477071353
5.88600196880065,216.182667620744,2.19234887640253
0,177.422346828994,1.12912256597464
20.4984360619312,206.041143330822,3.20729050929254
127.89488617927,297.517624397508,1.00993676832405
16.8351188998464,211.615410198719,2.35684666230914
0,213.593714174853,2.33029466044069
4.52180995569076,256.08010219379,0.743757893025963
101.843691151721,246.851103446017,1.13142662452546
140.585602695159,203.356855626076,4.06427001566225
11.3885717739433,301.344222498255,1.504217451588
33.185022690673,293.367418926512,0.705048360139118
22.7604491769537,318.175018203899,1.49342297798272
32.1573554027066,356.242110594039,0.519783165413724
1.94003373690668,272.412022887781,0.448634086280318
91.6526579503331,289.593920779656,1.99003970731893
0,108.276475019716,4.40437338238605
35.2905349629189,154.544864736843,1.61105845937577
2.70069698924224,167.890149234176,0.979321877995515
130.101521142327,190.992691984993,2.85834501111001
8.7793389600052,181.159941092436,1.09956272481672
0,140.235277518122,1.71973098400241
0,144.160516814356,1.66645060061556
23.9237034470347,95.974387303379,6.18119072779448
5.47740291022619,150.102231583827,1.4018897821384
20.5396278549115,179.380714701443,2.83203527101598
45.950075774023,214.567276318806,1.20588832141967
43.2244691698611,325.94310683232,1.67684305864916
44.901254779262,316.51720362919,0.602940364051067
153.378438287129,337.365738372811,0.961847972503668
32.4404896773422,361.81089739552,1.36561795317336
75.6199555801632,398.48312391501,0.682870017158483
0,243.813918360868,0.801847019993559
39.8208389601143,271.742698913813,0.459836682342171
3.92360132138144,179.405847419834,3.18608122821907
83.8909692068692,260.502704759217,1.68579889334852
352.013685652179,290.406198899955,2.57064266219028
12.1224369017588,335.049276505255,0.571370006678699
0,320.574531422827,1.59215137724325
29.3246013167414,205.28083135757,1.04531513366178
3.16126650434756,160.481571859418,0.843671680233837
6.90419862811935,143.88698591308,1.46015245492978
20.118509262247,147.298138289161,0.733294512921661
14.9286319210644,159.854482190414,0.876634052010253
15.6366421516273,177.740946552345,0.530484532658519
7.64714190439177,116.062232138133,4.21906551994014
0,98.8843970541179,2.68034558473648
0,37.8634795776192,12.5753880321405
40.4606208531517,105.884614996989,2.22858313200358
20.7469896887043,133.814907292394,3.76469792956003
0,164.955101248951,2.98296306564008
46.1230684400873,235.248669036743,1.30446518664359
2.76075971491216,204.477623692028,2.297927810779
0,174.274237640875,1.29717493111902
2.15439037666508,136.27555159703,1.22821413186007
1.75979284269698,122.628485511208,1.08017733494965
21.6622930979755,62.2608486418254,2.4786157075466
7.28309103018862,57.6090281259685,4.01621731952006
38.3891051342912,89.621497481689,3.901664713598
32.1616781267634,115.419099102277,1.75647553605865
0,119.799826401574,2.57882358693912
308.927342917115,163.934486120944,2.81690884826357
25.2099046409616,192.888322545371,2.50594805807466
0,157.4908728549,0.978771386096203
26.4229686968355,179.511952843714,1.51209538101838
21.1199384233722,214.514270848818,2.07977764324127
33.8475962675757,275.231706026561,1.29568841228618
70.7791286213542,255.369299786088,1.07223969874896
5.33934961863347,192.855820082491,0.885830869698465
164.144482640012,216.498432826984,1.33261828966682
37.9590515429877,234.264902631188,0.799924464406683
15.103456939211,233.591704817167,0.964977492104549
19.544716218024,228.633284033732,1.07479202024973
2.77893860430559,154.118931298864,1.79528372186078
15.9947383495151,144.99348690957,3.23510301489314
60.7430190008856,188.370480204992,2.04617635064865
22.848507953025,204.711754805451,1.23327061374087
0,166.07171202314,1.21581785452576
2.69904965765368,172.757109598809,1.13117612866237
15.8224700386797,135.563615382483,1.01066788592094
10.7069495801872,106.490918207174,4.25762710342311
51.0082473722707,136.930230565921,1.08238348314611
90.5613691551397,150.816340928159,3.97804779462195
28.5445461995727,253.97828885871,1.25988283763026
17.8490790416802,278.29986293535,1.75562020641605
66.4574658630011,282.3067363244,1.68060745016767
34.526591953172,326.704817167347,1.91398921999049
0,251.564338499293,0.633044758517339
22.9785080702885,232.680502049671,2.15587099575961
138.780306546864,221.453924609404,1.40028588237732
39.4606370700835,245.927995706651,0.300335253569224
72.2725299596194,250.842311403829,0.747067958484852
176.942668306996,267.288557621324,1.96958738426575
68.0331469718826,232.82035712396,1.69547299669824
44.4576903978744,280.578767451177,0.783694486515116
13.253440278522,305.640244977866,1.02522710724219
18.5646869324423,257.382402183964,0.560758893844827
13.7759216361902,275.348799928444,0.533966187720369
1.4011913353026,152.693178640087,1.42917833358041
28.6705151221426,136.995622875687,0.936516016273591
100.544026803542,151.228205712875,3.37211774689069
73.7650504730612,183.568713733928,3.15946903180769
41.5743903881753,213.014055425518,1.43258955632114
41.3531710645393,250.669386963237,2.20732693737839
295.19677294805,323.805975414028,1.23175631816168
58.6720710602597,320.647189544789,1.53489533395464
40.1731443009236,363.538157639465,1.39282597041653
45.3571058081852,399.159250730046,0.886176730209337
55.1243876256192,443.211898420985,0.517977729672407
106.97893052094,395.412774979654,0.578170486378836
57.1074635526104,412.789498681005,0.811093245071563
18.5598126477822,365.572018150988,0.63417704903505
1.95581930982951,246.169213112854,0.55449337378084
7.23970967832115,198.79366101191,2.41918860825376
78.3137717905684,222.409534811649,1.65036224020086
26.5320215277965,181.688484049857,2.84598665659512
53.1865379852468,228.684872245164,2.02958008273243
35.3040399282158,256.923465518414,1.03536860380063
0,270.661047184002,1.25360099363756
38.5664624317648,319.132612568123,1.80673021378975
33.4864475189417,260.12684779021,1.67214974270665
0,225.816907831582,1.98414228595433
4.13741177933263,241.352896120617,1.92304972215199
59.5162649059684,230.206629998513,1.02200362412988
12.5702056987778,154.829261287047,1.6823009870588
27.7859065247785,190.243434628477,2.15663356906985
0,0,Inf
0,0,Inf
0,0,Inf
0,0,Inf
0,0,Inf
0,44.2807690554564,14.6706815571947
0,74.729552709764,8.96847107792654
0,124.119782226627,11.4309585982266
0,0,Inf
0,0,Inf
0,0,Inf
0,0,Inf
0,0,Inf
0,0,Inf
0,0,Inf
0,33.4571458220331,2.48816272703869
0,0,Inf
0,32.4824235036343,5.27827865747405
1.63503537184321,24.4930403888952,4.44798464631057
0,0,Inf
0,0,Inf
0,0,Inf
0,4.26133120456444,25.2810979219669
0,0,Inf
0,0,Inf
8.70982606710929,7.81586436563533,4.53078611742626
0,11.6304620365493,2.47524827933917
192.295066430485,39.2778451726881,5.88053568197189
224.93794993672,44.8035171181846,10.0084228681569
0,68.912594947232,0.179811281577515
0,0,Inf
0,0,Inf
0,25.7155964105831,16.1188466841411
0,64.9678627450058,1.90211693162983
7.42227788117118,82.6216444220171,1.5858724178904
130.391801883381,100.279517154653,2.80729346307673
33.1494226064556,121.868407312563,3.96352509771729
0,0,Inf
11.5340517122571,20.4704734748811,6.09507234050209
0,36.6468970408057,1.49219143710729
0,0,Inf
1.519201171244,22.6463306309075,7.75532948533666
0,0,Inf
15.5233561315577,21.3188804866543,7.35641175191745
0,41.50561003211,3.14012611796512
0,18.618978586272,7.16376838889238
0,19.054578604257,6.98446989060423
0,19.5417619633701,10.4058501785227
0,38.3244246592625,0.534577964163172
20.4860117668912,41.251195075273,5.11360649400123
0,0,Inf
0,33.6176651626041,0.899670847712015
0,0,Inf
18.8879360020222,23.4894941192555,6.82614413473093
11.4204056774684,43.6973136203885,1.5134469905936
0,0,Inf
0,73.8963583848066,10.1090174966353
0,106.717082835663,5.4995340167754
0,83.8420324608237,6.2858837485172
45.7362874085308,159.130785216273,5.49803819504187
0,71.807766828843,6.00138504155125
9.64839458503497,133.371489359389,5.61074643317795
36.3149605265567,238.895091305929,2.08415205047853
7.20052366600659,233.027143601079,4.15979451492279
54.9763749554524,370.476359331635,1.28530649819014
0,197.620543890459,5.87619526925013
0,165.893843587964,3.11810551558753
48.6912862549778,239.790201972771,2.46767835356634
575.114568494282,317.366459765704,2.37153242755024
10.3747793374664,342.727928659547,0.854995499561275
16.1636603668572,217.213521820212,1.7026188213832
106.639807849967,267.737546126379,2.85558062005099
0,361.72416614474,0.975804234259005
30.4358828173055,338.25237532534,1.44017092539103
0,260.178833828606,3.60703363914373
831.625918661733,394.246520373315,2.43786196063667
9.84283988620941,136.255734841433,4.98756645330237
27.2288357216792,231.933119452717,1.54921769675563
532.603065771508,346.507284808434,2.15789978686635
0,306.227304800565,1.63689509581033
1723.53339923941,586.993683966526,3.28015553757195
238.992259001973,520.158754175691,2.60229005440136
66.7552929113637,679.388996132724,0.590133110997888
26.6561345316548,581.821933446997,0.8822251922167
502.296992624616,651.342195238356,1.22223342914063
158.933738713406,762.435374667466,0.454085412440111
1.76412361749079,443.179236827319,2.30851382345404
55.5535860900374,438.803140233872,1.68779926244685
80.0067535529224,488.929337576998,0.998054865288777
80.088068895514,515.086460396922,1.63685176923082
109.17422566897,528.214750177265,1.85816336735587
0,469.137446165724,3.19207123171507
47.3106909195319,586.595857003485,1.62948306973469
61.0608539862533,528.015836695745,1.49480953975065
80.8904927077523,507.428291358389,0.867370321736025
29.3849778306026,558.747969590637,1.01076092277591
139.067162894156,635.230203235208,3.71180019543207
364.899104870273,952.198836037872,2.0261043253473
25.8602591918368,839.514348756598,0.660231625190868
484.618398513211,915.002014993568,0.84083207982333
76.4376481947804,955.679821964478,0.698465158718486
66.1746460732191,884.767165802476,0.668880518926083
92.3690964465732,959.857005076405,0.514012683745854
60.6857452668125,623.693221307029,1.50823987719714
889.069402171845,749.406541627884,1.55238982923913
87.8891215418236,565.113200999288,1.16450051981835
37.68394860421,579.335514927993,0.713973885631827
107.349123980864,633.042154938485,0.819537303256057
25.3185914793847,575.655615519866,1.00666359429452
0,438.00748630779,0.905994550408719
105.801574713879,494.697828541088,4.11917871155754
1855.65138847954,605.791007970198,3.36313815663074
123.959612977769,550.294146626023,0.736375769817008
37.1905831084321,590.474669893132,0.816395027776418
97.2954353883316,541.541953439128,0.850738088157708
12.1921147159828,514.290806470841,1.52496366524423
72.5830657739426,624.58833197387,0.330222187634847
3.08189944193874,311.001228357053,3.78413410169022
1105.24694936456,478.6852932787,2.48926678357472
55.9519820389226,424.879196527448,1.61951686958181
468.690225183542,527.419096251184,1.33217110348398
103.361597295391,560.836561146601,0.809941808659179
50.7678761863987,500.665232986698,0.709068700564619
15.1527236247722,525.03213447294,0.185329592426476
22.7307134545097,369.083964960992,0.252101521619299
85.5186735041322,379.12909577777,0.607517836578676
28.7900935631536,387.483462001624,7.22702092590234
0,481.867908983026,1.25263157894737
590.830309890114,568.096903222093,1.1760461880208
16.7310115263944,535.674005734278,0.857821018887773
48.2880842788504,587.192597448046,1.29632765357724
47.779115305994,262.36688212533,1.87771075653864
55.830289924254,325.919739471078,1.73919819913304
48.458285594816,398.920987189044,1.59791318292931
619.524913497894,483.061389872148,1.63415467115928
83.1890524633375,507.328834617629,1.27963821456899
92.9474828186148,490.918472392201,1.22883951935933
573.356429783844,563.820263369406,1.33178383400665
76.4433065436732,589.18173226325,0.379069649339798
208.792114378788,610.167104563645,0.946915391337282
42.1501887276133,497.780987504653,2.14062022836862
106.403934591265,643.982396422103,1.57711990927627
905.600715883592,710.320042509137,1.50230656466994
123.128817992082,574.163764408464,0.253250269236629
144.419173765131,577.346380112789,0.715603841178322
407.291163048038,615.736682046215,0.684083178794351
45.2783548090093,436.117808233347,1.48306881928667
616.090304510838,522.048432250135,1.51353696712674
86.6719109559589,457.998291200585,1.09065219553987
478.490966140389,516.976138471366,1.64871991418822
179.319875833117,738.466300144265,1.60983079974889
332.890909746844,1023.31040568139,0.686567449379716
50.0037264655314,904.161230250709,0.250882037348821
197.315276074663,795.355555859083,0.470417737564074
420.607470624495,1222.72117090554,0.882629689922758
996.170702237427,1291.54523551157,0.896898238301685
1133.20259271543,1314.71865610869,1.36182195889568
1593.22353810104,1383.34380723321,1.26898134296194
142.922093169561,1159.46668378207,0.313006323344494
234.494944543206,1039.82022464758,0.280416851709503
4.03230724269045,736.178795106781,0.171918850013688
115.70251984309,659.59710472145,0.418176293517006
263.768230174509,659.29873449917,0.585923974333861
347.808298816948,582.915957595359,0.871366866565374
234.720639620349,519.860383953411,0.960403187958916
125.290476728442,615.338855083174,1.57034887138052
151.31451319112,593.259458634417,1.07064716414536
320.704720000391,662.381893462735,0.868853595649087
88.5668885643862,648.656863237831,0.712895836442137
391.364774755751,702.065133026043,1.08995964516136
14.5179796841269,730.211390661171,0.514706184637187
324.179474726784,781.8294391157,0.876797137088922
256.347731884773,749.903825331685,0.656562296493001
8.85211579586806,650.645998053035,2.35157515807537
105.587545889687,662.381893462735,0.942438878711735
401.594139032297,700.075998210839,1.02711713781995
92.388208456948,692.020002209266,1.09326366411094
160.123634203311,614.742114638613,1.36013310498781
346.743606013668,685.654770800615,1.07635278801084
131.912424117003,741.549459107831,0.649185843554421
53.5503926520309,688.240646060379,0.68777875603584
46.1624917669136,543.730001735852,0.270559070069402
145.567034635262,558.151229146077,0.880723735916457
484.865066357476,607.581229303881,0.824379650756705
0,490.4211886884,0.914216183329953
351.515818438364,554.47132973795,1.08096124049547
69.2512671152228,377.935614888648,1.65507772632424
295.412108718675,457.401550756024,1.28055170348567
91.8333678103899,393.053039484194,1.10155613905432
396.290325170301,441.786842456677,1.43438759253445
49.0388637495087,415.729176377512,1.12274336626875
435.31840780424,475.403220833615,1.66547329086313
203.927982231981,526.325072102822,2.62687432209321
1211.98111781521,648.159579534031,2.29415571869829
142.603006088707,621.306259528785,0.86710731828947
34.7485680988785,677.897145021322,0.679780478351114
435.996189640379,738.764670366546,1.26774059921088
564.199690592705,810.274066973108,0.998749846269759
93.085821546809,773.574529632606,0.671116329553849
485.624938718421,834.44205497783,1.40879326773979
136.868051716485,891.530224174168,0.790735900840147
100.538552617514,907.244389214275,0.515991801142504
433.923365996728,959.757548335644,0.805381938999689
32.576556556997,689.931410653302,0.474058668582951
4.93191217004259,614.543201157093,0.5619984651068
191.094167411737,556.659378034674,1.01364655121062
148.002293481179,609.968191082125,1.03703036275143
601.49699761,679.190082651204,1.09369239216598
417.968750862261,608.376883229963,1.26606475010267
70.4065736813906,483.061389872148,1.46734847264139
109.023891755817,574.263221149224,0.929372028620757
497.152991477858,634.931833012928,1.56480039738634
40.7828036435699,506.533180691548,0.674269723527362
50.5065466208829,549.498492699941,2.1596062024379
90.9405672511334,669.741692278987,1.0806909843782
60.5869770532619,711.513523398259,0.662451662396497
173.030494784193,716.884187399308,0.822108259556284
481.655726974448,776.35931837389,0.851763590823353
34.832134046716,662.282436721975,0.563481598515465
290.009889069519,619.416581454341,1.35050417536864
69.4619901397666,565.90885492537,1.08847347988244
596.670849381792,643.982396422103,1.19139772150323
186.341194708628,668.349297908345,0.853808095245702
68.7092836685813,680.284106799566,1.46825232762932
662.162192681168,813.158312455153,1.23126112910247
72.4965505890754,699.280344284758,1.08134340219145
86.1266144963353,663.177547388816,1.32977963562059
859.565873279137,776.856602077691,1.27763545166631
124.744829784954,795.852839562884,0.605506397538774
459.661065039628,846.874147572851,0.996561193603239
73.0959201117631,775.364750966289,1.29206668742901
118.480156739236,750.699479257766,1.10562708922901
48.7975709177595,671.03462990887,0.786518624963388
50.1265285684167,739.460867551867,0.682582828560231
53.5596647800136,647.065555385669,0.631497420767936
264.514921280754,657.011229461686,0.758643312622013
160.958105043195,690.428694357103,0.924859264095508
557.585106208836,758.65601851858,0.984571034017187
193.83643964132,481.470082019985,1.51021529841842
95.5675509466489,456.009156385381,0.979039403259759
68.5623417127298,506.135353728507,2.07356425133908
850.45077577919,646.269901459587,1.93966784349549
1183.90491625576,703.855354359726,1.78192980163392
81.6118017591103,580.528995817115,1.15274556652984
9.11609250775648,485.050524687351,1.20292369701864
570.381497637305,567.102335814492,1.29918813307459
73.8428871189489,590.872496856172,0.577421707894006
51.4607154668699,562.030042035723,1.00821413487455
433.662122494874,635.628030198249,1.66582835338941
0,447.654790161527,0.410575427682737
112.663516403154,473.911369722212,0.975191845904203
49.1219966043177,418.016681414996,1.42158057113721
581.253511133871,495.89130943021,1.53575706540838
647.262613120091,521.650605287094,2.28579243873464
1105.69080731305,599.525233302307,2.14504045347291
141.605989444864,587.093140707286,1.06535571594242
149.314955478998,582.617587373078,1.26959807713067
659.854007809324,666.956903537703,1.24613526149873
749.814195014602,602.111108562072,2.22581744317513
1155.76688676124,686.450424726696,1.93317877963089
134.63248826562,710.916782953698,0.776955633489821
440.710201005218,770.5908274098,1.11398745178863
136.784803294147,689.533583690262,1.83806715471756
1129.97535948324,851.051330684778,2.6562435271982
210.984224673536,1012.5690776793,0.644275293950656
75.9984214431731,1075.62465132124,0.404635732859308
336.189348747588,1100.68774999281,0.631811425518153
101.483624229388,1102.08014436345,0.590504426357936
629.965265870738,1180.55151282322,0.690485513179159
684.742730918259,1207.00700586543,1.02239863077834
1147.34154032049,1285.4783743252,1.03660241839185
10.7075023345561,951.20426863027,0.366965693818111
265.637817616444,890.734570248086,0.678080395503591
89.0158124420313,914.604188030527,0.74282518545796
565.241237409755,998.943504195152,1.15683864573824
185.204512923484,963.934731447572,0.586479724887476
479.208278874495,1018.23811190262,1.34511217257529
1208.84896865405,983.925536340366,2.13358134446635
159.281486683615,949.612960778107,0.469785844825036
98.9179660410394,968.50974152254,0.4716145844626
402.414624835761,968.310828041019,0.75206729748067
43.211965031462,753.683181480572,0.819408815396746
596.495918505098,835.734992607712,0.935325643552958
676.389470305747,862.190485649917,1.45066800088024
1144.20839571369,944.242296777058,1.40789800620741
322.574815723549,970.697789819263,1.01940246453584
922.406172475785,1065.97734746751,0.990711514242235
898.601570609782,1085.07304169346,1.44281390652203
1425.48025590079,1180.3525993417,1.32091894943258
985.958704977144,1271.65388735954,0.843222488930119
117.962917290885,975.272799894231,0.481447340609734
356.442989708198,1025.49845397812,0.690417977276159
457.152267208043,1164.83734778312,0.711620009220291
637.124037317376,1217.94724734905,0.828355527281518
181.014863093014,1271.05714691498,0.378484831413035
466.77361907078,1313.92300218261,0.482948498259867
502.783275044455,1255.84026557867,0.639288517754247
769.475592644974,1298.70612084631,0.721686838356175
185.132378890253,1187.71239815796,0.294794524629364
252.974268528366,1006.10438952988,0.39952163052874
301.354015854965,1027.38813205256,0.438335035673413
194.336797754629,1048.67187457524,0.738333001865621
621.49313617897,1131.51933962846,1.06178069563179
757.516498061802,1214.36680468168,0.778586613577899
78.2288635714589,982.831512192004,0.634240204903174
72.3530864992382,969.205938707861,0.354795585789485
12.3294851356474,722.553221622638,0.705019727558597
4.87571619131548,469.933100091805,0.788153118843055
39.6250125920048,313.089819913016,1.19612914541757
22.0621207732525,244.265755306979,0.81141135977259
19.0039586765986,269.428310719302,2.70360931475309
73.550741872423,299.762616651154,0.728442254937165
22.0036693588212,320.449618729269,1.3287518909637
43.1628195350779,325.919739471078,0.984737828396288
40.4252392942518,292.402817834901,2.02396616575286
11.3778588525603,347.104025252995,0.297535838830111
7.25482766152298,233.7233407864,2.44976364027588
517.936262647094,314.482214283659,3.07041546056296
21.2338909476873,357.745896514333,1.39046393139398
36.3267224703292,368.089397553391,3.46345622457603
784.231648829123,505.339699802426,2.1318939799714
264.863938734918,547.210987662458,1.87079370446869
57.1008861957673,553.078935367308,0.829550056578082
426.939534200342,610.465474785926,0.990178546410372
0,477.989096093379,0.878277153558052
89.2280706557573,537.961510771762,1.15070337987027
587.753624491452,613.648090490252,1.06671651786503
332.830803382191,623.195937603228,1.04907247683553
105.917685855408,601.01708441371,1.33112069584688
553.979607623075,700.1754549516,1.19389998859064
69.2846315109375,472.91680231461,1.43462267643355
651.786531602009,559.941450479759,1.47983439333457
82.6042203768976,527.816923214224,0.947909226787994
466.503139042217,562.129498776483,1.33767038851469
105.15403318324,602.906762488153,1.44808382143445
809.346744581541,712.607547546621,1.49918717700802
0,604.398613599556,0.691130492019088
389.851508738672,664.072658055658,0.859639031960169
115.617411077873,623.991591529309,1.19500947435207
713.487291670417,626.975293752114,1.40114934885913
9.34525091272835,524.833220991419,1.9783897994415
972.821372832732,562.129498776483,2.41549041505693
87.6665676308297,543.232718032051,0.899570534238339
52.9486942164111,453.522737866377,2.85995156601727
1200.62443154933,576.252355964427,2.41816113628058
0,493.007063948165,0.93483962073835
44.1516190651959,532.093563066912,0.78951922800429
48.7248623498723,475.900504537415,1.03132917563495
482.77635456083,539.055534920124,1.16681440544244
11.9321084223499,502.654367801901,2.55282406960912
1206.11383649657,506.533180691548,2.73159621421925
142.248523383519,504.345132394824,1.62655397900055
64.6692188720362,507.428291358389,0.917723362192553
229.787632248655,564.715374036248,0.924696712879005
348.354971557818,622.997024121708,1.24418547143539
102.630017196222,683.964006207692,0.553134520456816
275.906081422943,723.348875548719,0.973344086366879
211.394668485229,730.808131105732,1.03041557231411
33.2372639619248,724.144529474801,0.598707340696271
71.9017405272429,599.724146783828,1.73232916585042
977.506743852471,737.869559699704,1.5653674974469
151.352897996131,737.869559699704,1.20525627158075
49.9296024731954,689.135756727221,0.617985757362483
233.965421823326,701.070565618441,0.77662562540517
202.397990283673,721.459197474276,0.595124816762338
76.795620493674,692.915112876107,0.617217021173594
387.461823990116,743.041310219233,1.11079941613693
95.6354013062486,627.671490937435,1.09516366244804
651.737820184908,712.20972058358,1.1399214997284
59.9993398726132,735.084770958419,0.58168999089003
67.9299275223859,730.410304142691,1.97549152900485
1312.82536930062,763.330485334308,1.96703110300262
183.966334096937,684.859116874533,1.68773047817523
128.594377505207,823.700726975731,0.54575802256336
157.634625590934,740.057607996428,0.766154640440549
72.06919980316,685.853684282135,0.68672108612375
362.531553480684,742.842396737713,0.820741461374851
10.4875009589942,670.736259686589,0.6820059111594
60.7233931058251,682.074328133249,3.03886713396307
216.429985070212,746.124469182799,1.57026417403803
115.889841614316,682.273241614769,1.27904207410083
298.063439721365,731.902155254094,0.893316404012375
60.0741941487011,725.735837326964,0.488560141725266
0,381.217687333733,0.949647795460475
16.2599868986596,296.480544206068,1.25007984999361
105.742769203331,304.238169985361,1.50088383264724
359.535968050801,312.294165986935,1.72197404262596
159.508901083081,337.755091621539,2.45106060434777
773.481109684698,433.233562751302,2.05373294253311
94.4826477920361,449.842838458251,0.210034793742315
1.05988538131483,449.842838458251,0.448077989736687
183.751744808805,478.48637979718,3.14561514412683
1409.1166812152,615.537768564695,2.72582590449579
171.44408318467,653.928070498121,1.42369666385619
693.377747743441,762.435374667467,1.09113639695062
79.085338909652,731.603785031814,0.633384073029092
337.315487930563,786.503905931428,0.709481531457305
77.2580061157403,818.031692752402,0.632316121516449
26.6535567480633,670.93517316811,0.526384739968331
7.2241770531133,459.390685571227,2.04949910680802
107.255990898991,554.47132973795,2.6355907654222
122.549076738142,619.615494935862,0.885422909269727
43.9620430055465,594.055112560498,3.66131286691387
1989.83045434626,835.635535866952,2.56034210772359
183.803457361643,857.018735130388,0.913899780503664
48.4606918122765,799.234368748729,0.774048527916633
60.4059476220403,880.689439431309,0.539735630735409
119.837486245444,939.96565692437,1.10442500322927
895.473299166122,937.678151886887,1.21930909325313
36.3522008717992,802.218070971535,0.611146499239873
0,465.855373720638,0.963919726729291
91.8144193806294,339.545312955222,3.58381937382288
148.994953122561,464.860806313037,2.15363458127622
45.2003528995597,503.151651505702,0.749846312078522
0,0,Inf
0,0,Inf
140.743785323634,128.33332272836,2.24923101971288
0,0,Inf
0,0,Inf
0,23.8465920400346,18.9226251080588
0,0,Inf
0,25.0851901233742,1.08700938206223
0,0,Inf
23.2091776528498,3.3461045030914,87.3965267897387
0,0,Inf
0,0,Inf
0,0,Inf
0,0,Inf
1.46266493518989,18.783171008078,6.44785908267091
0,0,Inf
3.43304201381445,33.1400288101465,2.69640320965333
0,47.6329434335748,5.38162216227393
0,0,Inf
0,0,Inf
0,0,Inf
0,0,Inf
0,0,Inf
60.6568038735241,8.98948491498625,12.809587337916
25.2430942690219,16.7744546675392,10.5644128714395
83.899285599226,38.4843361721261,4.05919580630316
15.0322825418746,48.8152176577017,3.38166300296555
0,70.2501223709711,2.20033544223729
32.044755636782,92.3320986673074,1.91064631994307
82.6047657439953,112.956274223669,1.37066858183845
1.2643936517358,84.7892024023878,1.85629166904271
157.2105454416,107.093359029901,1.66952931223918
7.3465758675786,78.4111380603382,0.808520688039332
8.84201176258858,86.4183454070401,0.855098869824844
0.709584152577189,95.7118050823407,2.71086667812285
0,54.2652897288782,3.74091463668149
92.4048926332453,83.265549244667,NaN
NaN,NaN,NaN
NaN,NaN,NaN
0,0,Inf
NaN,NaN,NaN
0,0,Inf
119.978644932353,17.1788915858476,18.48278703406
0,45.3981986901439,6.78735169689279
0,44.019077273632,5.64388761548448
0,35.4912464385295,7.90585258973142
2.48097531877385,116.225463102833,3.08101595386923
0,91.4517835468822,0.657462525262215
60.0376666675188,100.041229339806,2.80100829674033
0,40.0435381828352,5.38020168970902
81.2498585639762,70.821011296152,5.25348974509481
3.19583318943841,80.9108614801837,4.30002743736276
34.5615385238521,130.157017359614,2.57529058421857
25.887267514735,170.209717617961,0.623086799819114
104.539685953397,140.118369434583,1.80368734241157
7.84834049425117,161.288375639599,0.461923401178052
19.164210502701,121.564296124694,2.21141829469309
11.0362640372362,114.28353829278,1.83984296234979
0,0,Inf
156.585366766944,32.3604507099807,12.2708380216206
41.5876632571084,66.7182338816759,5.25112392462283
79.604128428987,110.82652686561,1.3264361087658
2.7992399831916,120.455123810562,2.30544179282503
69.2152063462314,159.726986183361,1.93905673642743
0,83.2582424894458,1.25940618846559
26.4930360573254,98.2376633225854,3.12590495579886
13.1244999707239,128.693146744611,0.294893212593872
0,58.6101062732044,0.705764409950159
0,0,Inf
2.18745490982585,34.3577831716952,7.06366693971187
207.004126197125,68.7155663433905,5.0774779174877
0,54.6288752429954,0.99238427672956
10.3919919046354,62.3735662210768,1.13122724607962
38.8736693591628,36.611023855067,4.24822786792583
28.5290041782249,33.0054035630854,2.527908925894
78.8081190160291,40.84906786189,2.12550590831052
51.3044411877737,41.9943273009465,2.24448733629976
77.6414033589918,48.1302265346076,2.44975920414701
9.82489992769419,53.8825211191567,1.19984702565098
4.93480534892891,61.7147900865427,1.09320265544796
8.63033556174574,70.6479282371273,1.22637836783241
0,0,Inf
0,0,Inf
0,0,Inf
0,9.67016152332172,2.34065089700392
0,0,Inf
0,0,Inf
9.34473480066519,50.4918151062704,8.93145877587732
4.15471339511572,141.093834875912,3.53227166749041
0,148.609007969402,2.78179737419334
0,129.661027163629,2.89521303623408
12.6405517065224,183.28906946872,1.93248951419288
0,169.459434944717,2.18037386698412
0,119.820145548113,3.46844743476899
0,0,Inf
0,0,Inf
0,50.9710017152829,5.95162898353231
0,94.3082147336191,3.9720723940733
0,96.851363915157,3.22974205778981
0,98.2005685241192,1.08713979422943
0,59.9375241785161,3.92144762180678
0,0,Inf
0,25.0460230243824,7.46162081147629
0,51.743726830589,2.29346737140291
0,43.6509251148839,4.55422303473492
0,84.0823750509107,3.22451654050278
0,77.4618623809086,2.53429715353817
0,66.7766266365889,1.49918928634253
1.98265506987211,64.3048766428368,3.53231095292662
0,0,Inf
0,0,Inf
1.16046419302247,37.2371279045118,1.90947422159783
0,27.6695218283694,7.22535777356013
19.2787356452935,56.2298353474124,5.02566337665815
7.30107284963304,122.583480529608,1.60529203892445
0,121.091911660308,1.43178287094664
5.14236201844567,103.685614497093,4.21106618137248
0,61.6406603835836,0.960526419358246
0.552917986404863,8.45821182930303,55.3538833292827
0,75.2642050846164,2.77765874447746
0,0,Inf
6.31125140348523,44.1806733804829,6.19779512114225
0,71.839687066587,4.01676708433307
0,41.2233271939792,10.6128934343466
0,103.72315269668,2.43768049219437
0,98.6203834909279,2.24616227147439
0,0,Inf
7.28612956002027,60.1926690228512,4.49631499298506
0,97.8153933993102,2.83345231377472
4.59001159696809,87.4517859704988,0.590080204769648
0,83.9325542230355,2.88533130015505
0,34.5961751145264,8.32702854316905
0,41.1547625233052,4.83557589389591
0,69.5843307485488,4.84977595754753
0,0,Inf
0,54.9277067050749,2.00092981089971
0,15.7009265415057,19.6141172643734
0,59.6951857335639,1.8234909118909
0,38.0459867289441,6.19209536306493
0,33.6549111439321,9.00880926908106
0,0,Inf
0,69.1910734195431,3.46155790856717
22.8909391820041,79.5894100670199,2.27975367808888
0,84.5860764025106,2.1782967032967
1.6492120631996,26.3219387674845,12.3831973424806
6.57108369744248,72.6505887862349,3.39428203325841
0,80.6180078080817,2.92986876823323
0,68.0322411084858,2.57485126588218
14.3093427779969,58.767583624724,1.05784157858752
0,70.4243437250192,2.39474585950885
0,24.0926293634454,2.9217044527118
0,40.9789458538114,4.78860126874135
0,28.0331188724635,7.9538614294303
16.2217383775348,38.4350305865677,4.58816575983376
0,29.4568891567957,5.43413507175768
0,22.8675306388317,20.7497026784069
0,0,Inf
0,55.3645032383634,4.38983570716948
0,0,Inf
0,0,Inf
0,0,Inf
0,0,Inf
0,0,Inf
33.672627870427,26.0491182943068,3.97123755380667
92.3404930511225,36.0169195719464,4.47134960713318
88.1710780661688,45.8317404472389,4.85664228806696
212.496811875835,65.0342105508961,4.21682022777251
55.135106917702,73.8543195040961,2.93971553137627
103.793035981319,96.9936885309125,3.7991482138159
12.191776237774,155.182200950301,0.842211969817095
128.152062456177,172.111419651034,1.07120166195341
181.006727014407,180.141987696059,1.58371733269784
11.8178537433011,167.549371371966,1.51548029603566
0,92.7846133237714,1.60746828372736
22.6896791246289,114.091516628896,1.66982188120199
16.2179352460785,98.208239962472,1.62624320817479
21.8710592568875,118.707175388142,1.48289138858923
95.59947388387,122.3889155702,1.06969251704223
117.278989250201,127.434491751698,1.15081654656622
30.4653168516291,131.630882103256,0.62282722472796
74.2147280537242,138.990593551433,1.08715613205624
7.8437229441157,115.389140814258,1.92035426589991
196.024350303568,145.924041650983,3.39957234730368
2.90090722411654,167.482136417273,1.71413494554299
4.9600406758558,184.105456954574,1.50292893427229
169.309712612926,202.42614689156,1.41457040571485
4.96281925025261,187.88097110605,0.698649522904819
73.821788898493,187.579885879592,0.820524899699295
16.2145397136767,199.021625615087,0.615726889518383
7.50934902527979,140.811501960261,1.85341539096896
4.42764504970322,136.423899156031,1.68179814028806
1.92971863870728,111.000942918039,0.538204282689741
10.5620821516328,119.259723521236,1.28123574948104
0,88.1792172913047,2.8061611758779
0,91.3842574685054,0.34073988601759
30.9967320110034,95.8325805361655,2.64378007266746
14.6160981883215,82.8752667839153,4.69067109855806
32.7909046530286,100.972327415075,3.31739658211739
65.3726232305951,144.140091586815,1.14391498183834
1.00961831935076,122.141461704341,0.240981069465186
18.5091892879957,126.202056239798,0.932768385109267
0,75.6168566968235,3.46274835534309
30.887628004284,113.022877577272,1.25464961307141
95.6919828618396,128.868089236738,2.22197608649725
260.157588055227,156.10377919885,1.86109265963987
0,98.9975094251783,1.22087516684983
5.30875364045237,102.09115255788,1.42700295929908
0,84.7387921314167,5.65199328436278
0,88.474101032811,0.426515984687929
33.5448117544078,93.8649036501523,0.778115614282926
1.10113750789321,81.2833957098781,1.36727786050298
0.978643134030005,28.5823622557274,7.64666420296138
44.1723644559183,59.6653741361439,2.07606461254321
3.15412610877273,60.0179818007088,1.2620604004019
7.26404281176636,70.3882949484151,1.66234683372356
2.11290152253268,84.2359498398284,1.38138917315497
0,47.7116569249992,0.644120884290775
26.7967097182548,52.1019533035004,0.971607686257597
8.96101678146922,39.8277007540045,2.79453555852374
61.7084758378475,54.4475449239816,1.73873858042368
0,27.122643364377,5.35388170916378
0,20.7444891732443,6.18021318785292
21.2960643974618,18.3150522233938,6.76765499884414
40.0972458468362,32.9798937000054,5.98743719401012
81.2900323159168,63.5190854631861,1.89000321945505
27.3071742023802,69.056405992664,0.763823530926569
46.5343975483771,72.6906536578119,1.00920177473964
4.81438009930161,76.5228163906793,1.17443380828196
89.2863762104876,88.6737596156599,1.98635831516787
22.6512058246364,101.081114406985,0.803613732868754
73.3599995847586,109.449538099341,3.01072310973765
1.01245132933316,128.426395257205,1.62595830763063
2.06044381262609,50.973439645485,3.3661572279097
16.5085613275659,75.1911779999767,3.71083860693067
35.4929587592953,101.27830910019,0.815073985084158
1.94300324649227,102.075565323819,0.418904911835892
42.706609319682,107.906558530401,2.22569327339226
3.74335007255941,111.897433341101,2.29247378029879
2.24905544140074,110.506692919573,2.62840916474602
17.5672876299205,118.045704540404,1.00994747972596
1.58170761835824,137.104945398187,1.4343510362913
0,27.8678446991704,4.86028067493856
18.0355979808039,47.2172085625371,5.28760320688936
0,52.4394017826283,6.44562527499438
39.5963901185985,100.725792287728,3.10011134636829
297.928370822967,139.677903919802,4.52086468517632
36.7500191640141,187.325979963733,1.20865909290312
3.70557983526683,195.071363222672,0.711802190554449
10.233493271884,181.287988706421,0.630029250188015
106.588150961428,196.142737609409,1.00661817779271
152.600385540649,209.121693917727,1.15870721848281
0,59.95614443477,1.60991918590376
87.7256225620885,73.7453654688205,2.50133828611454
0,27.6087186781335,3.42032399809413
13.0002172194857,41.0988276854835,4.68694388918114
0,25.6610974362142,0.861020134992738
1.90206064506992,3.15638879694157,44.3599578145923
0,22.8871335446144,9.79784783392102
0,54.9220838052947,2.78357725215421
0,53.8749307065838,1.06345718200193
5.43272231621674,30.0247921587283,7.73142315253918
0,52.0888508395036,5.07045643907014
0,89.8194578599214,2.2135715882292
20.3451218032504,110.037760431221,0.768015037022633
17.5446300557587,110.90656341642,2.09926426384291
22.0537731530101,141.660499866414,1.1193712766286
15.620654085247,123.432310193182,0.479605142546386
14.2094522040872,150.269445124953,1.36952424276637
17.8091657634274,149.236073103912,0.346754464882514
33.8060136579571,154.084517233467,0.677985236005285
5.98810100913908,119.406105710638,1.75065692467782
0,98.157041170886,2.90366892558956
0,40.7165071822453,5.71857732238966
23.3585890948893,73.9794349850029,4.00710804355746
2.38745404753533,72.2750706443794,4.84882167375848
0,49.7230678521939,2.39807670099629
0,17.0342472169148,8.19998774209365
80.4878768314821,36.9886212704141,3.37549307319586
0.400548002891197,43.326758135252,4.20406075628332
0,0,Inf
32.8067803307083,7.76468720788727,25.8706310951239
0,31.7747697783973,3.20443016409731
4.55177310442228,46.3204884548465,3.43792249390818
2.32834151111625,60.6550121160033,3.60322676947642
0,0,Inf
22.395409036742,27.9282935171319,4.30873244451739
0,46.5861187269352,3.93698643399126
12.6455117293166,72.787392646971,2.89917937030187
0,54.5410161272992,3.05039116561035
0,52.1070898869956,0.591159887798037
26.3067801356581,56.5076072314354,0.971426082218514
37.7236483338875,32.2516055059888,12.2028794358406
0,59.3183728645402,3.55128779619981
0,30.0938019491817,9.03473038935087
0,68.9351429493787,2.29315371392656
2.44982239964419,91.517839960011,2.46104137509528
22.0520181572007,93.2496620538709,2.59717656686369
140.722568755541,124.697350482024,3.03504800886114
51.0158375186053,158.66018998705,1.35096370916766
0,149.84270152665,1.49922103945944
111.598962529892,150.10955330335,1.40593700786832
0,46.2989920617234,1.89921257001633
0,12.5616611003873,13.7548952792553
0,0,Inf
0,8.40937019737273,5.24548746770555
41.5118268915722,14.7109767661749,3.80973714833108
4.61089825375052,16.7871378779977,3.48805018503346
4.65352200190536,24.4933494676808,3.47495552085735
0,0,Inf
0,20.7681884507526,6.50999120271459
12.8710775222408,40.0825776094265,7.96062694305998
34.4940523621378,83.8270590012341,2.66948487497156
1.72817526094639,110.867203823378,0.964807372793816
13.8440686256602,125.901106736075,0.567804589412773
56.0414661126411,134.135843534822,1.06113918469002
104.203571125347,125.695559874585,2.7135492027359
0,140.220815738737,1.43326829397591
17.9954731837514,125.186912826039,1.66741164612523
0,125.39571703316,1.82418518202138
0,88.6373859227795,3.93286219081272
4.01141243498002,109.72661084198,0.969003536227812
8.19473243124786,97.0939563111719,1.51450755282139
28.8355065545746,116.930355987648,4.14660411157579
29.1799469119725,149.399410194932,1.59433667060068
16.8826318799632,179.258411813207,0.605918331435985
6.40665036068016,142.563369258004,1.0240517152532
15.7531324864158,162.504171038041,0.560152078386687
90.4244233345373,173.257587704762,1.78733205808605
3.11095872135988,189.961924274426,1.24746931050413
15.3363478921363,138.387285115588,0.87127706985732
1.12670937540666,110.457425566903,1.90244992244589
0,109.62220873842,1.51333333333333
28.7322842844402,102.000855178511,1.57273890053597
32.2549057838536,119.143054170507,4.03695498856462
60.1887808251335,153.386944138318,1.14042752217732
0,127.266164240127,1.80885972108285
25.3684204459192,160.152826861653,1.53649780771696
29.6135649396613,191.682262136894,1.87780453231351
29.6431348073544,192.099870551136,1.34126758255509
22.3580326673832,160.570435275895,1.35900720809376
15.0527145175022,172.159068771099,0.728429462798633
14.7296357422498,187.92378640872,1.44726979012411
2.23348612091898,191.786664240455,0.884530818818013
0,60.6649303158416,1.61579327791832
44.5292241259631,37.9185308068266,6.12757413030603
0,40.8344815592685,6.33553807331123
258.356521263658,77.7928262196501,3.80019709529523
5.72107438339203,83.1173335012305,1.93028808082459
84.5146845992014,105.220094041796,3.00496739980231
0,124.312419926197,1.40425864275708
0,122.419192180232,3.15203987125759
0,80.0624235489496,2.30939955611541
0,111.814652913188,2.0718954248366
27.0427130100354,118.496387541054,1.49012740000461
119.893983028754,139.858101950547,1.49904349790639
32.0873001713093,152.680872711939,2.048194701714
0,172.412870284855,0.542559755751224
93.2096842868855,185.776339540586,1.67401550209755
306.937525660385,216.888166401585,1.58029574811831
0,22.6259216717602,3.88728536385936
9.12688046331123,12.5647734512088,3.82497394260407
0,0,Inf
0,54.5555345904558,6.15195291210987
0,0,Inf
0,0,Inf
10.6623904330825,18.4551246562922,8.49910893821948
0,39.3393710118873,3.53513193580873
0,19.867123828393,3.15317773358254
0,0,Inf
0,0,Inf
0,21.4547177015651,4.59738107996575
0.971435606332924,35.5455053068768,3.68568214040325
0,32.6676445302876,3.63396302738562
12.1073882379315,49.6266463038364,2.57143138523933
13.9170771719567,66.1272359626828,3.76776274608676
0,85.6413996416466,1.44132482621878
0,84.6984106389034,0.475912280072205
0,60.2110239184967,2.37624453381763
0,57.2581706728693,1.63054440718491
10.0236171631833,70.5955978094816,3.04289559771529
212.513585523179,63.0327890067921,3.88721382523524
0,29.3657294221678,8.58828744099396
0,0,Inf
1.33192004216648,18.4501295632003,11.4099141030466
22.4758748569944,48.3333400580618,0.977047541557964
19.6970736107013,51.8687823754932,2.24855153271442
0.734402537220757,83.0410043932328,2.51674200362013
0,64.4588616554612,2.61457597229286
9.42949442878968,66.9673498338907,2.02593088259151
0,23.0978126090915,9.37127197624592
0,30.9222691451655,3.72265194314578
1.09846224671903,47.366961333698,5.75788412299673
0,55.249693955844,3.26825050586226
0,81.0453854158329,0.954361696056611
6.78487355641267,75.6502091534455,1.4127824647333
21.9919225612814,77.1256116500301,1.62943997610395
8.98493509647458,66.1412962247192,2.25035000890942
0,75.0712276488745,1.41828317749113
5.83983605726796,23.4039536716833,2.34638883758349
6.00176013974088,30.4146593278677,1.58363169267463
1.48175159370559,40.580308067389,0.698363651931012
0,0,Inf
0,0,Inf
0,17.7911208529032,11.2816917100562
0,0,Inf
0,20.3211751475389,5.9183568627706
119.8209679986,37.5023132038247,6.75062499993761
20.064401634905,56.5513253567716,1.75170998651106
0,0,Inf
47.2872469911371,8.13844703066735,35.1774116262824
281.447331828332,42.2816262028594,9.75736891727075
0,0,Inf
7.52145189830698,8.4592112943583,10.663386595223
88.6667664111766,20.2709810692315,12.6191515049027
241.18299929852,44.1475260484414,7.64556533852391
38.8031971222319,57.9117825683021,4.75158663852493
258.981090127975,91.6788761600839,3.58558390045823
30.8063805477017,101.641906480616,1.41387902548144
190.32477322235,126.667111438448,2.32762982103656
0,141.597021825068,0.354928609882442
0,0,Inf
132.77639639409,19.9485253454459,11.2219551339968
24.9884218518152,32.9606767771462,4.60877027010876
0,102.165656527285,1.40245166699412
14.1529767823117,89.6738933653165,1.66348602112659
14.9950251924255,76.3673882335587,2.98966949131251
222.388858885505,106.841420453653,2.9992870276528
35.1618783746209,84.2397342335613,0.417402532124945
0,84.2397342335613,1.38700315932471
0,61.1740329372034,0.254040135657659
3.44084094453842,18.9116338783881,9.07831404588757
0,0,Inf
1.11169287289798,14.0508902903301,5.2932719683809
0,0,Inf
0,0,Inf
0,18.3627997134408,5.34215749947403
0,0,Inf
0,0,Inf
1.00906632506241,15.5117374204131,5.67043363831501
0,0,Inf
0,0,Inf
10.4706924483177,15.4255681002185,8.67804766257073
0,0,Inf
0,0,Inf
32.1540111430826,17.6091121116607,6.46595597963611
0,29.2813596275738,3.4704758681417
0,0,Inf
0,15.1728551523962,8.45629912542899
0,0,Inf
0,0,Inf
0,0,Inf
3.62212023987217,54.6068540513438,4.43545097119718
0,123.616468260967,1.43777069858615
2.99775999159734,94.3999193422409,4.39469156363282
49.2605700250511,119.15375727841,5.19952230463575
0,171.746450712157,1.13547243168841
19.6475200592771,193.555473389553,2.95256079762091
183.129874286695,272.389299508936,1.6218921128361
130.01004529465,382.652369467338,0.83158889839075
116.940341285498,350.700747745614,1.71587293014369
51.1662245097524,338.491537706636,1.34138607142161
37.8686389534302,396.046053344352,1.13067610899705
4.65136211590292,347.914771739487,0.799950003158506
25.6819588490852,350.058611514942,0.718385731673682
0,187.467284948336,1.66244900916339
0,115.873287951665,2.13360853323548
21.6525221056334,112.096884424769,3.44538999054873
46.6585276370548,164.177593205222,1.8673304924358
29.1920846908386,169.051899693368,2.00678780004831
0,156.230906377789,2.10574948121997
0,0,Inf
89.9053809311936,14.0558979372274,26.0180016767249
43.2024682397853,53.4560401040079,15.6057984987491
15.6672951632371,166.459143270352,4.26397972919088
28.3108343330609,307.161501966525,0.561916425985112
0,274.318070298544,1.91754730019181
58.5147956687839,236.460377860028,3.07607215727975
233.205563595335,332.011004855213,1.50338235568391
0,229.299206587166,2.89424657788253
70.8691976098126,303.493518719151,0.405622880096002
121.753336450243,310.955621225368,2.65953467198047
83.6292836566208,411.704752603346,0.981447214709911
3.2351496912913,382.336084599628,2.12467960591056
0,24.8248189688405,0.938204412135513
10.1057413163135,28.1520696384164,40.7302910399994
151.953537327439,190.514390843376,9.05606817920249
0,390.454968341593,1.8916334593869
8.07731019356512,495.96892298428,1.91997726211432
0,240.395632450056,3.22309061127755
54.1716214892216,427.622928282938,2.71387585120708
0,158.049131000043,5.23379738606048
248.61748389583,239.827311769167,1.03665208962991
21.9672870597904,239.827311769167,21.7365340473373
0,863.234470625584,0.157443853852416
0,19.415851690506,16.6506280604641
34.7946776365953,46.1837321393927,8.71279996542396
0,0,Inf
0,95.4720872502161,3.72295875511989
0,50.776949013966,8.54972309510131
0,112.795356683035,3.23121238393205
36.738953371033,114.084943863963,2.4626570372083
0,34.88759092501,12.3077675654632
0,71.7739888332624,0.198704653833876
14.2612781202601,73.8113924911752,4.74412953244033
0,146.982939986344,3.24139341364326
53.3876704480504,215.044301927724,2.42959247418234
51.8684432923169,204.117710881774,2.48139256620455
55.6218805248455,269.064529041832,2.35508661094352
0,308.608759161789,1.31108922061411
44.4262925985212,366.410704522378,0.836385255102258
0,95.2354050713921,4.69990314535761
45.245269364359,63.9424542634917,7.40141370978975
51.7727643642037,125.088066871928,4.20300079124138
0,192.79842111098,1.68838678929745
0,175.358582161943,1.4003394465136
26.3686164428644,149.29318953723,2.10500059049725
0,122.710497539639,3.21780257094349
0,97.535970022147,3.97261582724056
144.396454987468,152.889246912896,3.6304556669733
0,0,Inf
0,49.6032227199774,4.54975916265271
0,0,Inf
0,37.988670750051,12.4729583525052
45.4116015390743,67.6901583046312,2.2411405514325
0,82.8746664718199,5.66512945629496
208.545471610971,112.437026478169,NaN
0,NaN,NaN
0,20.0851520434979,27.5322411826275
56.5259414494421,99.083616365116,5.31549946031504
18.2698571172879,146.163174016675,2.67252206611567
0,58.7435955660594,4.30610090774752
25.1960698465107,94.8801455933967,3.6482344666944
0,81.9863996719519,0
0,81.9863996719519,0
0.860898424751447,48.9191120150771,5.1628275540432
0,39.0264110856075,0
0,39.0264110856075,15.3334840421186
0,121.444413229762,2.06006850300892
0,35.7405443658618,24.4100298396984
0,0,Inf
0,31.1992936383358,7.82312258201283
25.2548196455487,66.0672791533234,5.04362004936832
0,43.9947762999096,5.47620441013031
24.4050840876509,34.4177697137516,8.86918087652539
2.71823999292176,74.53953269521,3.55327028622349
0,77.5704582217373,3.12570170510343
21.9161558833237,72.0861400301845,2.45829605015207
1.6818548975263,94.2708425192684,3.00214277023605
0,0,Inf
0,35.655473421048,8.54301487893044
33.6774257601496,79.1705076998083,3.1465872059299
4.30637117346461,109.947576393386,3.95251473648947
0,135.758252224151,1.0195463656357
0,19.7731189514554,20.9343148966671
0,0,Inf
0,0,Inf
0,53.7500031494635,4.95094527844185
0,0,Inf
25.9561058594463,32.1417705779643,12.2223610246753
40.8051160272534,84.5549445946389,7.11390760403163
0,164.656508492213,0.546978635804484
7.01635059896477,177.522735976699,1.38633165724601
21.6358002250824,211.678312857622,1.4727342918754
0,0,Inf
0,15.9833695731595,13.5323057370023
0,30.8988348244993,15.670761633196
21.7088707711508,69.172610754032,7.34397854956129
45.2826088646185,138.643082014548,2.41811310997682
0,0,Inf
0,35.0501032394121,3.56039505207719
0,0,Inf
21.8756317536651,3.13060447022245,15.6875652314921
48.5450558413569,7.02145162550108,18.0683580596296
1.38838990596703,18.2101725150103,2.41379057389896
1.07093647883406,24.2911943521302,1.69183837078125
0,30.009171237588,2.24501172501749
35.6406698699542,39.6335914213655,1.68893764463386
29.9545086201069,32.3445991740847,5.79737358384932
0.0920279481295447,34.2354034966603,2.88739886866218
0,25.0878624717493,2.46514706899944
61.4940235489856,33.9229011345627,3.5557028925814
11.2878926880827,42.3694345831244,2.75546336057847
14.5652673287582,65.2594452409088,1.4907363539398
96.3434796760623,77.0764966880242,2.34826374394085
15.2308460256449,89.1697056889388,1.24167937537202
109.408623476176,102.811039751268,1.84951807593812
40.7303046249312,121.362533478797,1.8282839746417
20.5896941079347,122.95970198517,0.561129204512258
0.943851317111959,129.87492850718,0.696125688205541
37.9113386259686,125.374131063032,0.708152602164938
9.56872704958336,109.751645909603,1.29531338823329
10.3100499615432,104.783392501254,1.44519531894843
19.0927610087574,124.943737984797,1.78270195603807
0,88.2427505650138,3.01845248241652
13.8448730824033,113.51291154039,1.19595376796781
0,55.4668386693643,2.6909636419798
12.8646187743412,76.7895881257669,3.27975710207465
13.1214267686417,88.5401103068081,1.92065958474334
0,93.5433479552424,2.35800111510045
20.8568409207745,103.731358325796,2.2784227485519
0,78.7244924954585,0.883512187471996
43.3312639398656,88.6607851486421,1.43952082936752
0,0,Inf
25.8803288069133,19.9383712990655,2.17045534677411
0,0,Inf
6.53124253963372,11.330408951531,6.20463589742467
0,20.4403831763221,2.97683431236052
47.2764282218216,29.132902318761,9.82307970418909
34.5924353140121,63.2612442144356,2.39376004006239
13.4922987896711,79.9526446674545,3.54044073362082
0,0,Inf
14.9415256805838,29.8570197378927,12.2868717706859
0,80.1295693512844,3.19485338929607
2.81130458471836,86.8442962169324,2.33017335065553
0,65.0790266201711,1.62527690867152
0,32.9057711391209,6.79760548975832
0,0,Inf
35.3092819567723,26.8463803832222,4.29010010896947
54.7188943624966,38.2555771618972,7.02870737980573
23.4175669158541,68.8510576124768,2.47096976433984
22.3053750373782,89.8098168535334,0.747041124169343
0,0,Inf
1.93715176967562,29.9454524253091,3.68648717332487
0,15.4937677850909,7.83249854397205
18.3740070546169,45.0412200361816,3.00287242594989
10.181824263981,61.7382244109208,2.21110628577897
0,0,Inf
0,19.7107224184075,1.80422476799862
0,0,Inf
0,20.6087441505263,8.73974119901507
0,30.0969133078264,8.53728756225293
0,61.9835640755297,3.90723632377625
242.113268176884,62.9435842343606,6.50953301966359
0,58.5435006865264,5.15093860616259
0,43.0791396894479,4.69426153558015
0,64.2568043344091,1.04711741643853
21.6754757392327,73.8688641834438,2.72072461005834
0,41.295410981201,5.43476886057596
0,0,Inf
21.15048940714,28.3564561042504,9.64067496834217
85.0079868615943,64.3885828396791,3.30010802986699
15.1140509197307,82.6001960395915,0.96819786505491
0,91.8658078308656,2.87340701085101
0,37.7096937541001,2.76115818811407
0,14.8746328114868,25.3259583336307
0,0,Inf
153.075531017356,21.9358714319092,12.4793097373907
0,0,Inf
3.79116391495333,5.13092185120961,68.3980787640452
0,0,Inf
0,0,Inf
16.3287025999662,22.235247396512,8.44359550082487
0,0,Inf
0,29.0048598556705,6.47177304237704
18.7753250177684,55.8209841573637,2.11747745174986
0,14.2034786099907,15.5697692669911
0,24.203485121241,7.83737669253071
0,0,Inf
4.20995914602747,69.9177702693311,1.98072585412754
0,111.421788970548,1.10234786784406
0,59.0505289159388,4.92325144903565
2.64705052015252,69.9454784703103,0.82554077030921
0,49.4023422439416,2.13031051896422
0,0.678806336080675,144.375109476266
97.9720418131512,14.6791976339136,11.2986204023832
0,24.3767176430565,5.92567384949959
144.403746298009,45.0122145393558,4.48446528993076
10.3253964188052,53.2196384574486,2.00795575915415
106.385924944606,67.0106789034386,2.46993054251776
16.0466129154949,93.3802786458423,1.50356197280933
11.17318159158,110.648146273936,1.21780467648033
134.238524320222,128.30166747175,1.82359696313428
36.5030881745747,113.706176206833,1.02299976423826
19.3243391024927,125.108790960754,1.28936440353137
14.8255928111193,123.154991225807,1.80854091831813
19.2780610424167,134.253877385853,1.25192173247424
2.85933808410302,137.7454291943,0.143444503131194
0.288956139045279,116.959065920945,1.0572039164637
13.4790728769363,98.3299718767776,1.52347886568793
146.073267449081,117.804909182638,1.80157238388785
18.5918554009731,176.988394998601,0.768050846209107
111.657100616072,193.751856591015,1.30163260053316
43.1071458820387,211.414305986922,1.36758428397101
36.3911175546637,246.559982614396,0.753517929240256
183.635323896484,267.902304039888,0.965619311686916
253.855052947332,278.62463468701,1.1774195913506
26.0977698168065,266.921295715028,0.6219387056037
161.741843947963,286.90856933478,0.780172453102316
50.6910205007928,273.124992055567,0.939252511218873
23.4465859800652,273.604556255886,0.624750098338424
22.8955242799565,241.153507481724,0.537150323638369
12.069154186044,184.402016115231,1.25003938172587
38.4762723620435,204.076664791521,0.709201566645927
143.160636348079,219.255981652089,1.02647348627485
10.8510971903308,172.691734168751,0.403897696630231
6.12327933743851,160.036135457447,0.699365180016087
111.650899134704,175.150481363995,1.19540893303587
51.5291784024126,189.111274351616,0.811963845445507
39.1179107629634,182.506849481437,0.8356977896044
12.5495973804326,183.472920856574,1.34300072519648
36.685443578678,175.951471311842,2.92845973457426
13.0656258920556,185.730831367478,1.20934667356211
17.5140780518761,215.951879538925,0.996080237873743
15.0674398432377,194.602976088679,1.19623146163957
2.05266549351162,155.946213901876,1.40202135899316
145.199235232106,186.887250652024,1.01639121384606
0,168.999950797596,1.48283424656493
15.9332682683377,173.696543944414,0.361064444640399
0,49.1463651780373,2.75818315509523
2.5172730363029,68.5113189734974,6.08038891472872
20.3564010783762,91.8626442125162,1.74791707971221
1.32631725801066,98.5463930971461,4.67277558063446
0,144.775562439677,1.92069380455179
0,105.318341113475,1.5879153999371
0,0,Inf
0,7.96902722798212,17.4891360820622
11.3509820956753,27.8792274611019,6.38496727604352
0,43.7183392223818,2.636773358523
0,0,Inf
97.2183978664765,38.7945828903427,4.11916491239718
14.6242389778352,47.734995285558,2.94335802985109
22.4080752649377,65.7174156713888,2.54008172453393
0,0,Inf
5.94461558465874,9.04200799061549,16.6237363209933
0,29.6659138568508,4.23250684931507
0,47.603225798324,0.0543051417546675
1.36804460649801,17.0658249241304,6.21525788933413
62.1083672524993,32.0230332657303,5.09303374626942
0,0,Inf
0,0,Inf
0,12.3946626388212,19.6229508196721
0,47.1403562656808,2.36526077586207
0,0,Inf
0,4.95603633481129,14.2162334467631
0,10.0651670723311,NaN
22.0912901688593,NaN,NaN
3.23367099462439,NaN,NaN
5.43644932278968,NaN,NaN
NaN,NaN,NaN
0,NaN,NaN
4.45658194042178,NaN,NaN
16.1866315838495,93.0428209992081,1.83633837500717
0,87.1402185020534,2.08326177705571
0,0,Inf
0.45203420241919,2.54560971702538,4.93243808644448
0,4.2747565911768,30.8320618306786
0,18.8285085043235,0.558744496244496
1.52158742405602,20.3314121470782,4.76364751054561
0,2.5070745076901,33.1056854560927
0,0,Inf
0,0,Inf
0,9.36508198398805,0.701934150574962
0,0.939095838213647,162.060351794294
13.2007012849399,22.6805532538509,5.74110765788614
0,38.4572855136141,5.28883875382067
14.5916933517695,45.7721683824266,2.82050428169902
10.9411287616454,62.1305831757857,4.28534300489311
28.8519929126052,81.8875738264713,0.540020867815057
0,55.0268057946551,0.188632966037998
1.04203384650629,40.1512295139594,1.92020848675059
0,0,Inf
14.260029707136,18.9699295731205,7.4623002788654
130.166588680192,37.1555411497517,6.21503269017276
24.1980473704286,51.5493003192621,1.57359697288669
5.6797254709346,59.6806968287463,4.81399734230034
8.66957060616253,99.9125526072152,0.106280939458639
0.132591574404133,100.191013942736,1.5738438289407
0.887973548437215,2.53375351104218,55.1983302074566
0,22.386751999381,0.844203082709633
0.447191610900212,25.0866041493429,5.58103288010713
0,22.6372765780783,5.92210665679312
0,0,Inf
0,24.7634184008154,3.74478245707604
88.6334037339035,38.0110776586165,4.52728474613146
0,49.9330159920408,4.07979645484732
1.80238572915758,54.2719606803914,3.64903478521783
1.72090563849723,82.3059444883292,2.6038647752396
0,0,Inf
0,36.5744143440627,6.08438055555556
0,0,Inf
0,8.27587560570278,34.8887170232878
0,0,Inf
0,0,Inf
0,28.1419799258482,8.61267870036101
0,0,Inf
0,0,Inf
0,0,Inf
0,0,Inf
0,0,Inf
0,0,Inf
0,0,Inf
0,0,Inf
0,0,Inf
0,0,Inf
0,0,Inf
0,0,Inf
0,0,Inf
0,0,Inf
0,0,Inf
0,0,Inf
0,0,Inf
0,0,Inf
0,0,Inf
0,0,Inf
0,0,Inf
0,0,Inf
0,0,Inf
0,12.5770503466759,3.96670583043891
4.52891905723125,19.7041159095164,5.35274782699539
9.60809009378121,21.5473862143116,4.19375947626919
13.6398920728981,32.1649425425506,4.26566656326611
10.5939091277556,38.2804515152528,3.46780572781529
0,35.1028982486327,3.96303984092728
0,19.873454898764,5.65264226423499
0,21.3004172068706,5.95043918189883
11.8666568501064,39.4071082266641,3.63556336650004
0,0,Inf
0,0,Inf
0,0,Inf
0,0,Inf
NaN,NaN,NaN
0,NaN,NaN
NaN,NaN,NaN
0,0,Inf
5.12483287171274,5.95455276989012,17.1130876101154
29.966641882497,19.7796885353861,3.57360780190525
22.7974342409711,25.5965753049311,7.46575552612522
17.9672975373716,49.6394809180308,2.48926961359029
11.5169714167886,64.7250171960705,2.79845041423371
5.34676340200599,88.9554143056189,0.627721679294021
16.2890842762355,96.1686255410778,NaN
11.6047404164522,NaN,NaN
2.72346235520381,NaN,NaN
7.45773267371395,NaN,NaN
7.09574477010084,NaN,NaN
0,77.8420551556087,2.00937614800348
7.66754021476219,72.9101430124114,2.42202236429533
7.48239438835228,95.7191626584495,0.667269951217965
9.15880360800021,77.8157325305561,0.439932253977341
25.1443895733456,81.3978535304226,1.69399012477866
22.158511844593,97.5039635997611,1.70898050256865
0,67.2587654685898,2.89019631170093
18.0350494645255,95.0289134524293,1.69188439446024
19.8113793690169,107.365307683683,0.639882987670356
0,74.0222185592213,1.80613717713147
0,74.2454367817649,1.51908515189241
9.98625450779357,90.3575997261856,0.593105886154337
0,47.1336349233295,3.05138375080615
9.50036646652357,67.6797503121118,1.47231954088296
0,33.4240943087936,3.69752494227103
0,30.5331821170945,4.24303551673719
14.7465201662654,36.1628283630601,2.45417681166191
0,46.7347504554124,3.31960258323425
17.7451649383177,68.8977216466403,0.952957194772516
0,29.0074589924111,4.44162716853762
14.3312650027465,47.4132186996873,2.06501099456796
0,30.3454101215567,4.52109449381631
0,19.5992095161668,8.22106389068832
0,23.0180505199134,6.45092229149029
0,0,Inf
0,0,Inf
0,14.1625614066638,13.1615799091232
0,0,Inf
0,6.52693330601699,10.2800224378041
0,0,Inf
0,0,Inf
0,0,Inf
7.94610276319983,33.3358404374731,0.380329327334835
0,34.011911152691,2.83909253254321
0,0,Inf
0,0,Inf
5.55501891004881,12.7290486667691,8.22150380706246
8.97929637507323,26.8857491187801,2.82376092108592
0,0,Inf
2.07574185318389,43.0875501931844,1.97031900506401
84.4250374303768,54.9190469323411,6.13356139637369
38.0968015396931,72.8052945370815,2.61241976121065
179.192543037916,94.5340357699015,2.20693451157422
42.7321683896969,98.7394476300547,2.60501501775542
20.6034944384679,129.38024413455,1.77885054346932
211.293089862384,159.315190299475,1.98942382731276
14.9518705528943,174.408382552654,1.04131288320728
16.9493038157072,198.217214715301,1.88894477736922
37.9249225048081,224.371470840933,1.21829223543742
80.3257752570125,258.003627737273,1.14197597122386
22.8614758620646,255.725909828119,0.91627010764771
13.7650345006533,210.264479343299,2.30153234703585
103.321747196504,277.430974506242,1.87093678140768
49.520695819301,313.012723387738,1.22291120421864
0,245.30711418591,0.874577337208554
0,145.764431100929,1.94482937959266
100.875847507993,186.262566544458,2.15352757021337
128.985113002031,181.545374282978,1.24285628870318
0.946609529104019,195.352473870199,0.915538942353729
169.680975552397,220.767643553656,1.30853606817493
0,101.244949557452,2.31940748157712
20.4928256949818,120.984749038154,1.82823757777781
0,0,Inf
0,34.9807200962891,5.92297939274536
0,0,Inf
0,0,Inf
9.99194652660553,14.0688542938123,16.0283187804483
0,44.8557307181404,2.91585309012683
0,18.6846744320552,11.4370234407697
5.07849358835604,49.2128257838505,4.43935092223708
0,61.0130813433772,4.25584261111093
0,67.5795116224851,1.29432543943933
0,0,Inf
13.4767697454945,20.5096410839279,7.99974259923385
163.383004740054,42.0232239022994,4.58925447418526
13.0027467717951,65.9631569867885,2.7245755569487
0,69.2704956762289,1.47144417417102
0,0,Inf
5.66928848888453,18.238147523656,6.54600247583167
0,34.4835290030203,5.12259917241186
1.44503950059888,48.7494726994054,6.79663501011059
0,95.8762346097783,2.09649505373999
0,75.8416264290322,2.35145494160619
0,25.4768810351426,8.23471577817757
0,0,Inf
0,0,Inf
0,0,Inf
12.1836172732203,12.9997786653989,5.80749818144965
0,0,Inf
73.7415855742765,10.5373100946215,11.6657285960835
0,0,Inf
40.0496389187642,5.72368952763669,14.5086965803876
10.4280875029314,18.7777164897573,6.59037679340018
0,0,Inf
100.11235165404,14.395756538916,13.3722943988032
0,0,Inf
0,0,Inf
0,0,Inf
0,39.7619539182364,21.5078736444722
205.657111917543,197.709843562815,NaN
NaN,NaN,NaN
0,NaN,NaN
NaN,NaN,NaN
NaN,NaN,NaN
0,NaN,NaN
46.1210001225469,NaN,NaN
NaN,NaN,NaN
2.45892628746983,NaN,NaN
46.8264561370178,NaN,NaN
27.3653744349971,NaN,NaN
0,NaN,NaN
NaN,NaN,NaN
NaN,NaN,NaN
17.2753640230325,NaN,NaN
325.305060198065,NaN,NaN
542.765891314787,NaN,NaN
0,NaN,NaN
1.21440220467831,130.185939876224,0.771584669102147
78.8262419825026,83.2653814978433,1.32953550600108
0,15.8377550565192,NaN
NaN,NaN,NaN
NaN,NaN,NaN
NaN,NaN,NaN
0,NaN,NaN
0,NaN,NaN
345.81368401701,NaN,NaN
43.038727743993,NaN,NaN
18.1974602214158,NaN,NaN
0,NaN,NaN
NaN,NaN,NaN
0.973896026691044,NaN,NaN
33.5472214019414,NaN,NaN
3.80707295970762,NaN,NaN
0,73.8892287015866,NaN
0,NaN,NaN
0,0,Inf
NaN,NaN,NaN
NaN,NaN,NaN
29.3469835241991,NaN,NaN
74.4544056599442,NaN,NaN
275.932565978717,NaN,NaN
32.470669441232,NaN,NaN
334.359254918346,NaN,NaN
NaN,NaN,NaN
0,NaN,NaN
37.1866972222993,NaN,NaN
NaN,NaN,NaN
NaN,NaN,NaN
NaN,NaN,NaN
0,NaN,NaN
NaN,NaN,NaN
0,NaN,NaN
NaN,NaN,NaN
NaN,NaN,NaN
0,NaN,NaN
0,68.1869213231422,NaN
NaN,NaN,NaN
NaN,NaN,NaN
NaN,NaN,NaN
62.5282227685616,NaN,NaN
NaN,NaN,NaN
5.52606007851557,NaN,NaN
7.40283134396793,NaN,NaN
NaN,NaN,NaN
0,NaN,NaN
0,NaN,NaN
NaN,NaN,NaN
0,NaN,NaN
NaN,NaN,NaN
0,NaN,NaN
0,NaN,NaN
0,0,Inf
NaN,NaN,NaN
NaN,NaN,NaN
0,NaN,NaN
0,NaN,NaN
NaN,NaN,NaN
NaN,NaN,NaN
0,NaN,NaN
0,NaN,NaN
NaN,NaN,NaN
NaN,NaN,NaN
NaN,NaN,NaN
NaN,NaN,NaN
0,0,Inf
0,22.6502001354343,NaN
0,NaN,NaN
NaN,NaN,NaN
NaN,NaN,NaN
1.41513378277058,NaN,NaN
0,NaN,NaN
0,18.0691758528488,NaN
NaN,NaN,NaN
NaN,NaN,NaN
0,NaN,NaN
410.028608236454,NaN,NaN
41.5380282334593,NaN,NaN
69.6975774874379,NaN,NaN
NaN,NaN,NaN
NaN,NaN,NaN
NaN,NaN,NaN
NaN,NaN,NaN
NaN,NaN,NaN
2.34154156758638,NaN,NaN
48.1910890889486,NaN,NaN
NaN,NaN,NaN
NaN,NaN,NaN
NaN,NaN,NaN
NaN,NaN,NaN
66.056588560118,NaN,NaN
17.3479283609371,NaN,NaN
87.7660058444227,NaN,NaN
0,NaN,NaN
NaN,NaN,NaN
NaN,NaN,NaN
15.828294971993,NaN,NaN
NaN,NaN,NaN
0.79553548885974,NaN,NaN
0,NaN,NaN
NaN,NaN,NaN
20.3944164225474,NaN,NaN
NaN,NaN,NaN
0,NaN,NaN
20.6281528095242,NaN,NaN
0,41.5969721280636,NaN
0,NaN,NaN
11.0079682603154,NaN,NaN
NaN,NaN,NaN
NaN,NaN,NaN
0,NaN,NaN
NaN,NaN,NaN
NaN,NaN,NaN
NaN,NaN,NaN
NaN,NaN,NaN
0,NaN,NaN
148.54621811953,NaN,NaN
285.152242640135,NaN,NaN
19.8997909725846,45.7449266590003,NaN
NaN,NaN,NaN
0,NaN,NaN
0,NaN,NaN
0,NaN,NaN
NaN,NaN,NaN
NaN,NaN,NaN
0,NaN,NaN
8.2251986312511,NaN,NaN
129.966357798584,NaN,NaN
29.1600243143526,NaN,NaN
6.37737040223964,112.048729684293,NaN
NaN,NaN,NaN
NaN,NaN,NaN
15.7314576198689,NaN,NaN
12.0254790489896,NaN,NaN
NaN,NaN,NaN
NaN,NaN,NaN
NaN,NaN,NaN
NaN,NaN,NaN
0,NaN,NaN
0.397220438907766,NaN,NaN
17.4956605617543,NaN,NaN
39.6027551787414,NaN,NaN
22.633961216067,216.734722249188,NaN
0,NaN,NaN
NaN,NaN,NaN
NaN,NaN,NaN
9.25497000831518,NaN,NaN
8.8946652860141,NaN,NaN
17.3416035781765,12.8802464291829,2.49085412962827
28.1459181585775,26.9227452110374,2.29750466815491
29.8848008451578,31.7383473029411,1.17801747826253
9.4564835818758,37.289887029359,2.43733363446961
7.0663677559766,48.9229459294093,2.20984143084181
20.2482192639676,63.3580295119331,0.691960461975697
23.2046638182071,66.728462670073,0.567583892618113
31.4164648840006,68.8240822090009,1.90694431880294
31.3392298852014,84.1627195435234,0.741577705862499
22.4209995914618,88.6018576282424,1.14904339020607
100.628357616869,99.9427689534209,1.84276053608894
46.9897656152315,106.703786261557,0.727427387843125
39.220770703385,108.112059648987,0.528532511305263
40.2071945334839,110.672055032598,1.075939215221
37.3683057629318,121.939084961911,0.568925884089636
43.8101288403001,122.785978472743,0.473955807628005
11.5974541186108,113.132683450561,0.186440843985752
15.595475318588,109.67352405384,0.426260678247381
25.8956346904899,110.399946406723,0.363758250414443
22.7876031639173,118.389455137025,0.427184853910026
27.1046729478032,118.988533255068,0.518210990924003
50.4539522136795,121.829555541697,0.554967082398515
44.7847941158821,110.019585983686,0.720608066632046
28.6174269374587,113.770073537352,0.457238017776233
41.1203243145679,117.113298675783,0.44209720004709
45.1874295136313,118.63546112125,0.816645384426281
95.6651868699603,114.679645830404,1.62096153476267
183.450801921713,127.569089807736,1.54519532486065
49.6359596581181,117.587107860305,0.659698373781025
28.3577174660137,113.628437984969,1.0635942162315
12.1722189087394,106.613752298858,1.71927433415612
100.421805820643,131.060333596967,0.833120233609055
45.8205541907063,130.956349462146,0.556275179669461
47.0416904028415,130.36680334855,0.495430206737766
0,96.9883325366956,1.79497045499046
164.509241890321,121.858502734147,1.52458234015719
14.4768302052073,113.540440861114,0.724398681684836
81.7814374074914,123.222114500043,1.5407404576057
38.9436291732412,125.282948911868,0.547883858161111
41.7580050838104,127.90625687238,0.448506174611535
18.5434842905929,120.599925295842,0.453918679451046
38.5469473675159,125.771221658926,0.60572066017394
50.3021654074732,131.147690237013,1.07837562445749
137.639822395011,144.165448372445,1.07952618910165
31.7771229419841,117.175457378462,0.527378323827064
27.5415299484781,118.957273297328,0.374273556513722
32.4511240703748,121.383134983284,1.07004404068374
50.7264345853931,156.067841583393,0.524593394424973
81.3999829042526,160.517230753595,2.78722527094615
58.269426788945,191.15140571201,0.718377705496738
32.7564927912557,190.610539712348,0.327133216099277
27.3150944952209,188.224729167882,0.232690132965937
1.85509175467076,158.536331396601,0.844886848710104
7.16116356959907,161.364426947376,0.190020430826184
3.68526119158631,164.721766141513,0.66750526119679
36.2406283410128,108.006607251026,0.59881694201758
35.5731774067005,113.253032531962,0.450301562500366
40.2662933011771,113.282983093301,0.87891958187919
98.3715604214478,121.754460069475,1.39814232820148
44.8290210003058,124.510480288383,0.565601430811966
61.9160272999091,128.166806688653,0.599786696970573
57.9867464777021,134.187438093533,0.653621943461148
22.9138341894152,122.42827244694,0.534674705933727
47.4987954406521,126.151490106482,1.49511318758677
19.3960895722886,111.889909072259,0.349185322443885
1.80657335933153,111.343173364596,0.874234568375181
26.7882705424812,122.025791084461,1.3116672305225
36.9405626706328,128.742459487699,0.597282475198798
32.9465540038087,128.213414845833,0.515148365890069
47.5649276865236,123.26536806057,0.517184112484658
44.10589375954,125.577648388281,1.05068521844303
130.145929981453,138.125746269547,1.43767526779631
171.274401229536,143.65616508085,1.61449095455189
51.8661952184167,152.321476203579,0.615159779231123
40.7692631806689,147.769643069801,0.413089790587214
13.037460704307,130.506915452503,0.317540095495674
29.105648943731,129.777081645397,0.334344168630918
35.8543829841747,131.817733292018,0.437570712262946
41.5398436201464,133.742893834943,0.447155344555978
49.9663878146627,132.359783266969,0.687032034347528
22.8740287476697,138.21250088826,0.373812534361217
22.4570942137891,138.003097801108,0.293449434693476
35.9193823212354,137.769613860618,1.13814833022726
9.69624535848628,133.506717521267,1.18435804909466
41.5417552478955,154.710076113557,0.441536521693793
33.0073640347072,152.826267747115,0.490661902785393
51.6635993028786,154.223333504055,0.778122807020953
32.8047613113111,152.698413466423,0.361407438961762
27.4590932517543,148.854590866413,0.332603981876247
91.9563110872211,138.016634919703,1.26665938511021
47.8306308589963,143.88637636648,0.460143765639884
40.6122983849741,140.535224613825,0.40286983987304
0.932802243807679,122.247472062252,0.10896458770034
3.43870507742259,119.90408729898,0.609003730979697
57.293490003839,129.844563220033,0.92073741097313
117.571370708345,138.738742786363,1.76575033568337
0,113.723368387846,1.62489125786781
47.7772460602197,119.902533749483,0.557604662690012
59.3614045128681,122.62838601046,0.687908940124251
74.1009878411251,120.202256759468,0.736289525625404
77.7355954018993,122.25978172624,0.923150339051249
27.1794039357293,117.780107538402,0.397199687617265
29.7716611794159,94.5590242786062,0.888562215992121
83.0972608204771,102.309012132268,1.70263359469392
40.0200314600057,114.241228811162,0.575917603066533
43.1897664611869,115.636714262102,0.565084250321818
41.0668639173582,118.801674194572,0.841635405131855
22.7836978120174,130.177268637683,0.319919373539897
35.230459281346,132.871916126209,1.00169527861847
41.3663088176373,148.969347838539,0.399272910011874
30.5908986151993,114.521335959365,0.999488616334842
0,100.104731087216,0.309541044242484
16.4508403709111,96.9972457969936,0.448168874553183
30.2101574455808,90.2105756909271,1.16013949076818
46.5581676346394,104.146232408909,0.61350506916911
38.5853968573092,103.822411822771,1.03460640304579
106.032603130318,113.655259707655,1.75495464215916
51.409427327777,104.694402934082,0.816369838770473
65.7086464744905,105.878177549425,0.756623492957801
43.6304407729121,104.770541909949,0.585587726483441
46.9857747939058,98.884980680355,1.13721656679964
34.1382685320375,109.084994687385,0.521087411248744
37.3133048828881,97.5199140295698,0.985205535197573
28.8088478533859,102.028585578302,0.544006328363045
64.6914322944014,106.926497364741,0.660530134619711
58.609451548049,107.774603279647,0.670477865460842
5.89008610271608,97.7430549090949,1.01135864873999
12.5642400046538,124.009864431708,1.51595540130547
31.3749519429182,144.922630670904,0.316602473827343
40.0437930568246,146.995189448198,0.891761403404882
98.3618035058606,149.36578223118,1.18709383273384
23.9258559685474,139.148869819776,0.37542121438474
10.2588213466361,129.528254522312,0.291577314019651
27.1698936210631,133.458065836117,0.323004623312697
35.8208660665746,135.734877073598,0.492030747407111
44.7204086448131,135.047903840872,1.0466398785022
127.880232435581,148.851634272753,1.52800909582348
58.6586795155027,150.866950854925,0.519344144949117
13.4226568363814,136.057744459291,0.977511233370704
13.8136237175136,153.139932567813,1.47333311596314
25.4190965386613,142.758292069045,0.630008191735283
40.4349571740137,144.784428312403,0.330534184338371
26.2174747857589,143.705356912918,0.759556945305241
26.4921804630991,152.472448103476,0.279430475544982
29.4943641921765,151.766845655041,0.452955737052222
68.2966523478792,157.373888403841,0.768732581747919
36.0403051679633,164.8998574302,0.406151159855849
40.3253496706387,160.793185626879,0.375241261305014
50.9281247901376,149.848153496889,0.794548027244285
51.0933933679285,153.982275800734,0.726442826683217
91.65199012082,163.895804577989,0.646723074038763
46.546044388184,151.880930370012,0.429638031058746
36.715946470153,161.264195412201,0.725619500805511
30.7585759023134,159.515975628303,0.329088085265534
45.4829160577059,162.621151497799,0.843619025732018
35.4241652336449,162.589194198682,0.407945781177176
36.5278246212973,160.480463972936,0.381921057240712
44.4888580477519,161.159343363291,0.796034443161641
6.22754916210108,138.946418406744,0.859203951698243
14.3633129544703,134.19155357826,1.06770119623689
11.4100961998265,123.820063828086,0.657010201149889
43.1772834525735,138.042332869234,0.440007296895694
52.596354034152,139.486045245827,0.515852915560097
32.1576227797519,127.285052798051,0.354082621405697
44.8261068283032,129.129595995301,0.41835672755637
44.7834388683059,127.860222307749,0.496199359063066
45.2320107648126,130.526039663529,0.833237120045519
46.9763687452549,132.35340852996,0.526253304914652
18.8688057950705,115.089844771921,0.31626361665241
27.3017017928671,105.622758292738,0.945154138755795
15.0424210925372,127.357464258495,1.49695478118159
189.041984989695,134.027860633132,1.6358578593836
5.08401933552961,120.470607768853,0.344020860493826
18.7524171570009,120.390622545579,0.296284584175657
29.245687529582,112.216343434352,1.13450181138816
126.276638058401,126.225480200644,1.72670315613279
57.4553910393201,139.322236913277,0.644424040337055
64.2768188667384,139.724487500911,0.579786606511761
65.2948880278034,142.472525920307,0.704461739937424
21.0047743127921,130.834249502034,0.411540045547252
36.7280862436216,131.644152146488,0.461444829287573
38.9326536655897,131.83606316934,0.420302531548605
43.4949460791108,134.190117088467,0.651581249228768
24.856673662269,141.652979228547,0.357804979958847
38.5959339121746,141.686893096998,0.382021330410293
42.4787033661032,143.905676167061,0.466779459552627
51.2460249028121,144.929045542669,0.48475686794119
59.7311575356859,147.644663440977,0.909647690361038
33.4449396607316,147.936861184293,0.42300199981401
26.7399391178949,149.256207659366,0.282591879592317
35.1722499605627,126.765530126942,0.703811724377192
57.7991428111212,134.486503896895,0.602538303238216
0.2360791779027,108.403595168837,1.21298203228962
49.1334616358611,119.016712870318,0.528455196662072
41.4596949499931,115.076332737548,0.489158567835247
27.6147552412024,112.184807550168,1.17646447906303
50.5429486240839,126.526594548822,0.549076584421979
60.9177545645177,126.876803736742,1.17753607920635
34.6175265339246,132.054550089502,0.447662714760369
57.2216247333923,130.088652769681,1.01138082577942
32.6301691706153,130.056377737082,0.471462485523789
37.6769668818196,129.99264708981,0.351577113943174
34.5507725131162,131.13914320636,0.432849813301989
36.2599021282282,124.385902007115,0.820463785516762
7.34623424006625,130.465916127413,1.03031044130462
42.3570079749095,150.242300208462,0.46807431137952
35.838627644924,146.281357702592,0.358934008862946
45.5559370522058,148.662318630761,0.808592603827736
118.502145623913,148.551429645702,1.44931857545963
45.8755855440073,150.038405616511,0.425818981011862
36.1720104309656,152.611779251977,0.822875251551979
30.7196447030711,145.867250639252,0.371248564272283
33.7902662239265,149.21487387798,0.352126614707777
22.9344023161003,133.601818496856,0.905347715232994
33.5612764052722,133.801418669961,0.96805880106353
51.9742575148484,148.356204160953,0.729789865869134
96.3098787350896,155.251793304493,0.706142363764608
98.2030418660108,157.154648957013,0.762339029275423
95.4561811809054,157.067406032107,1.17253821851726
21.1026966657379,174.129493317218,0.854372906662212
3.24820359599742,149.845357442251,0.260944018024991
21.4837632564272,154.062510193949,0.239796957880171
26.0014892251946,143.225641230203,0.84615058605973
52.5124921498491,156.439474369377,0.472443302143717
51.6409237545942,156.191374688735,0.451653045191921
56.6899346765338,156.318484804168,0.543729496508994
67.3070636994471,160.36206142718,0.525592220496065
58.3852604684787,150.014853204121,0.692140458284922
30.5921196179435,155.000325648947,0.350243219540358
40.5643968227123,158.385424715683,1.16085828901017
51.2196820973613,164.853558645094,0.51722072734792
72.8006355565281,169.71727227523,0.489989640755463
59.0184740171817,167.2162565872,0.449893381320405
37.3631329852082,166.509634047062,0.792344395012186
39.9785628724853,161.366749746354,0.435091067213238
36.3889822183233,152.6544642368,0.281042363508249
40.7366584792168,153.584948409782,0.472438586907569
19.9198892715845,138.461520323716,0.645100970360909
3.90829082310807,135.780552097711,0.277419643212533
24.1170136011941,134.846298602269,0.244136375741719
22.8148257252404,132.060418125221,0.300039270556178
33.2667437741607,132.036203489365,0.89584644144968
116.935198879574,144.181549098552,1.51491263330859
39.7851906393667,152.724566276517,0.374824306038276
42.6149992099088,131.362474725974,1.01280756375032
37.7594091797625,144.281033123905,0.473034803894227
32.8331188604733,142.317826504988,0.649501950098078
86.1364825756347,137.322504322234,0.868318559447228
105.087998237913,145.483846663918,1.61910332065527
15.7039664894241,129.17709547851,0.744941170309423
13.5851682677084,140.680719791868,1.1165575775072
81.0287788534444,139.402929511619,0.652795116039301
61.814133564058,145.968054094694,0.532338418350171
40.1988149626675,151.655048621138,1.57368420268525
46.1935010313265,178.071169468136,0.376011732388296
52.0359293318906,168.509400083735,0.480823661265998
62.2959408378777,168.294662418655,0.450291683983873
71.6886174341409,170.221197576958,0.526392726925435
70.473372652262,173.818693114698,0.501939048079578
60.3701113872575,167.700183074688,0.444482742818775
25.8568765022603,169.534692583046,0.271515501165407
37.2615941789075,172.416752657239,0.668922196972288
0,126.926751440041,0.230708419253555
50.8365322721606,127.080280258322,1.12087612613642
47.1559516193948,112.192192345192,0.594427929653707
27.8991607216835,99.1370252730117,0.969963028579066
35.7591976335736,99.6870369800969,0.621974676852047
44.8829356274413,98.9503635417308,0.599421773124717
46.5210350069871,97.6330906956956,0.682272195441485
40.5889538369669,98.1071323273438,0.965070027713611
93.5196312968541,105.834460766927,1.71805987113619
51.8090047389327,116.425972591663,0.715374010734506
91.5092377471476,119.954168784797,0.85179051582404
95.1324407549934,121.477966721554,0.911689570018388
94.3573687448016,123.709074506138,0.907874686880161
0,105.997974777937,0.40988686215895
66.4772481865532,126.332951042354,0.708922339147846
85.9333706958405,129.630522896332,0.811474903772135
67.1252277151636,129.825313587896,0.626879714559796
70.9418525838597,131.86240327496,1.08398307916432
50.9630084030846,124.704971641562,0.526709282573702
67.0212562096948,130.068018488476,0.627843666280094
44.0197508169279,122.408166606684,0.516428647913887
6.11121590786978,117.93999771544,1.29738954948667
152.214381831018,127.090036348487,1.52897953664479
61.2782109854018,133.10484821381,0.696137116151236
40.744634824564,128.90713740662,0.445595125947776
37.0064628663467,110.94915876326,0.563724807173262
17.5015991461735,110.100475911242,0.350550326311177
31.2697135150316,105.788549951126,0.466085477184524
44.771014002983,105.800239198684,0.634699014746562
46.9713166807884,108.997423995308,0.601170006389261
8.44044748126645,109.239336234467,0.840731225800204
9.70131368767479,132.705994029866,1.22257465005156
39.5769171540465,134.438853908353,0.419601076686517
34.4798597657021,124.521622699897,0.921874847167096
45.1296323102312,155.638058553442,0.358931478268964
44.6963936361938,157.171453713623,0.41246061097372
12.4521360323843,128.56331633396,0.290133433593409
16.2897153660979,132.113084958209,0.234209037593367
21.503588752884,123.853920838966,0.346480667352817
19.7867134251645,124.261740123935,0.430193525011983
12.3413935101016,129.07172335006,0.75749431799071
97.0924136504043,129.361613344931,1.60285768595357
25.4012289309473,107.323986966996,0.354164208692171
21.2659861538544,105.280601140153,0.37933094081741
28.8097710869848,107.947773043933,1.13833369945946
30.3356482518775,101.698524037675,0.525705614728898
45.3638828289041,84.5156144155034,1.35177281004648
35.2925430498977,102.802149546157,0.49196935095817
27.9982347275716,104.985430080362,1.11682661873986
22.7613417328911,114.185988336974,0.382634510029029
27.9948412289593,115.082816172853,0.373898455463138
0,76.9386441485121,1.73765366557563
14.8216550129274,96.037603724095,1.26890717042627
121.316292237608,111.329196435971,1.3032883484479
46.1709947667117,110.10210973025,0.648471345852822
14.2701587262996,95.3484899710715,0.323655823675863
25.4042862466636,84.5742145031889,1.20644091156887
48.999736942229,91.7963634299332,0.839224531785681
34.6867710975374,95.8017953123453,0.592814326111653
39.5141210983647,96.776501296832,1.21192535697664
113.814813543736,107.886754837225,2.8835811688993
86.8839762619947,130.115171809419,0.792988674440667
81.3985819858125,129.453132293586,0.797767709374414
21.0958926144016,130.430346700295,0.405537975721587
23.6345874627658,134.972999008738,0.337910554421019
3.63347133458293,138.112172360759,0.649253260790856
131.015714544531,156.555346753251,1.22157727509252
2.86759743154869,123.548824788581,0.202555367189162
14.1195596784743,126.714236237051,0.209802893490006
26.1541284365585,128.495015341399,0.350680337172012
36.9712065841342,119.254969502157,0.963384335248467
113.3397810133,117.155587329895,1.86258436186261
51.3855903974097,128.131924569224,0.591661158086487
46.9483816429777,131.621223495091,0.45221388634594
9.56183557257303,86.6774713516443,0.446220634490436
17.8545227324941,86.0016856820308,0.35126740740882
19.2794463767775,84.6417027669503,1.10658409616897
27.1951137624978,90.7252955696202,0.606434151976313
39.6164056527583,94.7001247009152,0.536587948349455
50.4707318475489,96.29991612505,0.73438649876069
7.50185041145434,98.1640082928216,1.02980628747618
100.729481741335,111.53373151173,1.80615478257963
2.58377656894914,98.8746944769604,0.32996470621725
25.4690839231115,100.253156102415,0.418431716503727
24.9615682924636,101.95374930971,0.422245547064837
27.8341301885966,104.537741932585,0.42224843660087
43.8257611766713,106.867280205189,0.674548225891563
20.4021232698081,107.739207769803,0.417641524883872
37.9832419271176,111.252671163082,0.481829863759862
47.4341996685408,113.484330800555,0.627558347396503
57.9224210613473,114.107422880677,0.696377788401596
50.0724561422877,89.6956133314191,1.08256344438669
27.8034690488826,96.4140041845834,0.6452686553791
50.2355044762844,97.8403432288621,0.722182256056361
60.7318430784457,100.757922561728,0.907013966577335
64.7456018938041,103.341413500159,0.826472764820306
63.3001457487038,106.293308049032,1.26344000095536
132.278248643902,116.435461116791,1.69655388123832
49.1767730131705,128.396203573202,0.556959850639373
0,71.6298695248083,0.509732775329286
35.9227890820861,76.8458826947162,1.95555900312863
148.900016892754,93.1821496482779,1.79130710249109
1.31946860894365,29.447589237901,10.1584011926858
199.579883118966,69.4700393938234,4.5031495390976
1.60939480878021,85.6491955021693,0.176053838330523
10.3959025057643,87.5734061892119,1.65289912953885
144.170552271171,106.766849668517,1.76251315716799
0,95.7261128693231,0.494272967634737
47.2220118084887,102.485374281903,1.88368642526383
191.149649725426,123.317988069676,1.64410817626724
52.6203759969271,124.075101804595,0.716445763890316
48.7077237135686,128.541797415852,0.745125505490137
77.0670891859762,135.266375710499,0.732558880689359
20.4921329436924,137.896864447695,0.394989223945409
37.6608576874778,142.750527666124,0.408453213493636
64.8020735104827,106.94385397424,0.780350260840177
23.0815317791592,96.261264683161,0.583047719271306
30.0666384654419,100.981747404379,0.477470535913167
4.63270407498861,101.650275372362,0.935682297821408
94.5879855966669,114.575940966591,2.24243171604124
16.6903730196748,105.488512552223,0.589263935877725
30.125230452927,121.558334897288,0.457681476105564
24.1088226157143,125.202587425259,0.336134122820751
16.1972163624177,129.620337029826,0.174842815615389
16.012992692434,130.544046790525,0.279205174857825
25.6660444046951,133.463415464577,0.744217901429349
98.2565129299962,137.226985276275,2.07451867813471
50.4540791994598,135.12250933462,0.564053650657516
8.93830819405117,124.063778786681,0.314421913868976
32.6714780747848,125.694989035296,0.459996835278965
19.0530487561633,123.382959549808,0.325396457592037
5.75689705507997,126.396578008174,0.764112300383693
96.0048910189763,139.371475569227,1.96028296471958
3.43484526686734,112.499116199237,0.281836903469841
31.6725482417634,116.592326136629,0.851759243582363
98.3218632926281,126.254618033183,1.53950289683023
57.3166809649867,139.975687591419,0.592277215065089
49.0143583343982,140.857623760703,0.540747896030414
32.863921664226,109.940467002219,0.462574412630635
24.0411355242999,108.830389831779,1.69662819483134
43.5561932866377,129.89172155782,0.472800198008485
12.005725005549,127.534690977656,0.331757649787318
28.5513881152927,131.86396016902,0.327729360358471
24.5738743471372,130.945242168544,0.823955033745417
106.917867108061,142.847973180351,1.27741675299844
0,111.313694386635,0.263072199569827
19.0913003426198,111.794391698581,0.42280597614986
39.3664127902787,114.792447905477,0.461801808940546
34.7343895998464,93.358364637142,0.753179678098102
22.7147115906466,94.7860080609765,0.532371540876517
22.4931467067406,91.8590472289973,0.441476231899012
32.6973164596409,94.4391099903902,1.22434362609328
105.143377822484,106.286053691964,1.75283067950355
80.3598043466832,116.877649130774,0.851764317231272
79.1091642385073,119.619421511458,1.03774961550041
75.8079631349551,123.48143853399,0.744520473610556
50.0542911533034,100.696469561835,0.532971123395829
21.5275865647347,101.212758040558,0.423933590426078
19.12307983122,97.8552348954575,0.37680653025422
23.5155698491733,100.390865137879,1.93179526901253
192.270465788873,124.736440634487,1.79400303670221
22.4095488465292,100.116477192344,1.48847950483605
28.2106362371133,118.203873699581,0.972009911905372
113.691636451102,130.587402360222,2.09084477229045
5.46716801858754,151.531784753114,0.276723701200849
43.5097846042161,144.955556221,0.74883911278719
107.249509968576,154.246785579556,1.33725034635473
49.7460910561174,144.041503885858,0.540660335914626
77.0386967906204,148.060280574495,0.602561091237932
74.4958114885376,149.799804494687,0.616070547825032
27.3631118459439,150.138520091983,0.268335911730106
27.6244264985721,149.449239110811,0.282518934477708
23.4258899547787,122.688053013731,0.443692001731234
47.2469306585468,131.624206845255,0.49366183075047
30.9207909180198,134.157194882935,0.352839489176847
39.5455030314385,136.502218482059,0.912582073935538
123.061893484938,148.648500568877,1.62850834512482
0,102.540405720906,1.54605187140914
158.47207092478,125.187946600886,1.48540842912655
50.0340808526724,132.962918339886,0.530109298235636
48.4767121887663,148.250313625243,0.512078902667896
32.1413112605432,140.48189555737,0.33212988843628
39.4775876182966,142.555741991405,0.749395142126276
105.356531728314,152.177598121729,1.35262007597126
55.0169634481897,143.095638067807,0.578164641756694
34.4579744384194,135.414330814602,0.355198311909319
33.499992062748,137.363040425353,1.21351196831191
51.3605754080086,152.718999251465,0.532912876419854
79.9967785723158,161.270294222765,0.700907708001464
12.3635893221693,138.868394769648,0.51561978049525
71.1766520649318,147.331209327745,1.45693536022594
28.5782173749209,142.639663765288,0.810244542813539
105.098446147196,137.492314473023,1.37321021171805
59.0545954768335,150.504988872751,0.459511230077159
43.1213031043991,149.874590594835,0.381575586188097
47.2962764156197,127.90776861484,0.884151144058992
111.682780133902,137.306843406157,1.49844198642156
59.5956854179737,146.785084002824,0.586414704053601
70.0629063096279,150.56811917097,0.561730207008795
56.1340585106051,152.641798376857,0.484325426326281
3.03191697782966,118.032628731281,0.936615061269787
33.3406431381204,133.392517418874,0.529499710955805
27.306270437585,121.851350386249,0.811972147063646
98.0386963098616,132.084726408841,1.43768438142152
18.9405417885876,116.247919765451,2.11547275693702
20.8208796468604,148.673457697711,1.26337250684964
185.610289065389,172.531897598668,1.24042068035023
34.8461674868339,172.704276373813,0.349732514321822
35.3047382181358,172.083869977751,0.295208572222444
39.2097693118973,161.869741915015,0.755197422633462
36.8538329897614,156.79916706558,0.444510734365233
41.8071798378948,160.047873182378,0.397377867370818
44.5453915363612,163.161059280171,0.91901290681941
148.168723468613,178.21844897052,1.58120874174127
63.7892188727919,172.462389218877,0.473217734562452
51.8849110742601,169.151823737786,0.466553911093529
60.8831725155611,172.291314823288,0.480289393212596
58.4835358656827,175.415103185676,0.764009954529839
4.6964414557582,173.762621516613,0.626209476205139
108.518315994467,188.636244194926,1.07639354808585
0.800040291796963,146.358911428592,1.41697559379317
46.0217815215818,147.955488727719,0.494375497937566
31.2700477532518,148.179724951615,0.340221927913263
34.4645570666621,136.83889724051,0.918726437908357
30.3005086137313,146.263641552574,0.332980081865123
37.4489473683882,114.744898253824,1.02017576378119
115.692906056722,126.117900660638,1.66717245505244
56.9398118862195,139.627526948314,0.641960016440409
75.0960589876722,141.752160570952,0.647723211695221
83.8380437503857,144.140747102678,0.689927515879621
57.1675232263289,140.689024341707,0.537998367674121
12.0278500698402,124.335465997623,0.258364259384415
27.9148402219674,127.206321785888,0.311028731771109
24.9578211469679,125.711865700011,0.383966997371332
28.283400963392,129.042063765698,0.336770026068881
71.0719318501749,141.836003747605,0.586990891535692
72.2200267242894,143.57664809639,0.637452469757207
3.6650551599578,117.956559991236,0.757771592313715
89.2339041709253,130.202142152443,1.32699102080989
2.48053577854532,108.749630342178,0.173677737331386
15.701907250812,108.358617486102,1.77609350101201
47.1678968338374,116.378979809743,0.619768873541897
33.7024575692963,117.315808618667,0.501317487126031
45.3000446900633,96.0203240395435,1.33709647807262
36.9267293013402,107.890094383344,0.476470334441887
21.6405235709474,98.0233159071941,0.414265799824709
27.8883238984692,100.732913592168,0.598372620006348
17.4017356159335,105.359698381961,0.707805397130623
31.6500082424735,105.661851216938,0.459453970362539
10.4424243452133,101.973450457847,0.270965010960747
15.2933460640421,95.9966328277908,0.324121267638873
21.7108360586038,95.4991959782121,0.713687837976622
63.6226903531682,102.134307213582,1.39756415749541
12.800040479463,113.436672450605,1.95348724566094
7.00904317712919,89.2370085301295,0.423309894091757
31.5703267550694,90.0449880508799,1.04629539796343
93.2651713469578,98.9940351726282,1.65003897694806
34.7734980250687,95.0669998460832,0.565021813794816
29.4545596405675,97.772918511797,0.534450103050795
36.2229490473047,93.6937055704075,1.20394804540128
34.0765662650293,104.633620519063,0.57547364540956
25.4183991530756,100.200034408864,0.432547689096535
35.8855891771075,100.346626603559,1.7221572031802
43.1076034457309,117.452092870308,0.496629416748213
30.6728846146137,117.366572395328,0.404860367418691
47.2104014778408,119.772885110762,0.490828500918006
63.6969405515376,124.382075827084,1.04058733223494
102.078252386657,115.835095342007,1.54404357212413
15.8889745036276,101.46837462646,0.407490049404102
42.4449969477757,106.674389225388,0.592287331592179
50.1827039879667,109.636802424781,1.08643973676535
30.8770447027664,119.484098821668,0.385579129632224
23.0685625210119,120.34207454188,0.347024036677774
36.2679915028858,118.617383758432,1.27024198624874
141.718899057956,126.011878014691,1.6706290264387
16.4368266371894,106.945728601782,0.326842264454963
33.0986662973153,92.5045579146641,0.697559583084229
39.8745666726482,89.9788794193411,0.662447318494727
38.0891604117843,72.4391718202108,1.63064115150701
9.92324816918652,98.7865518646173,0.972927985988541
24.4726543369427,106.151963473627,0.402895510853192
23.915307455627,104.524867037457,0.467605630175486
39.4022614145067,89.0767655016981,1.49276477617615
131.105656729275,92.6150789977968,2.79001596667357
29.065764520495,112.747023567508,0.375680341716094
12.4307810676951,114.645748684767,0.376709137997775
20.7905445345237,114.725817522116,0.335921796213915
1.56588214466919,91.2248612335252,1.36539721707276
28.8735674130238,115.947920829022,1.0398407229524
2.90457696343731,98.4551257423007,0.396749056547273
15.6770691736749,100.173595638636,0.351686173609208
26.3792629905768,96.6861696680291,0.61252750406692
55.8360737348739,101.378123267168,1.04353879563948
30.6469837685114,96.5822540967496,1.19363015323099
30.7497099907195,106.424416589487,0.512486166085307
28.0188674382477,115.205732206329,0.420913718560018
25.7305427811722,118.130418735493,0.982011794766475
15.7053021377636,93.2046619015861,1.10143889786566
85.6622637725464,105.626653036309,1.1391963256642
9.53843385102441,110.579114644684,0.353835313926932
11.8220264105145,109.086916138807,0.27297328973204
13.1831392938573,111.652028703753,0.261659525917245
22.2424138140203,111.149039879655,0.748844335304865
22.9066806091019,103.851303829933,0.383353306071795
19.3362514810097,102.296533567851,0.381601035529419
26.9611496674191,88.2586837285161,0.863480912946284
75.3931611302887,95.2941893190758,1.399899955964
131.803213444044,103.581213647806,1.41145319771373
40.5683963715546,101.592904411566,0.586456594380002
26.7307525310061,101.868128497842,0.452391086669437
9.22493039352767,87.8613663712533,0.31268463607273
27.1576466204246,90.4682190819848,0.400088819650866
83.878051919746,95.7722076360876,1.37711178557159
108.590953525964,102.630919628391,1.79845736914176
21.3467774426838,100.589699406066,0.772710439003863
7.38527100539644,91.2695228550599,1.68822314720754
25.0277685209065,105.434365750123,0.376350238499148
38.495211495262,107.527577203717,0.629085263147449
38.5135221595527,111.691691875938,0.475799261527903
45.2049443576751,111.491352554418,1.01051042401342
25.6867032812129,110.000246048349,0.405856257455108
32.7477181555886,112.489386865576,0.960549641838613
20.5819170879973,103.151952369677,0.427296827365717
33.2477312765083,107.611692962252,0.608006552326344
81.3226244295347,115.410695386146,1.09797370921218
32.525856759679,117.997786746607,0.503147905009962
29.3316546390844,121.832712809134,0.36915890213548
14.4973235610143,117.568796378079,0.412128205886217
29.7459055431062,98.4256551257468,1.12755228401471
109.283447022047,110.030536082829,1.5979749064665
0,84.2681535463884,0.397496345090892
15.39400709514,84.9694415085994,1.32448697722466
75.0814663365799,88.089868585209,1.68863178513156
145.995619404143,98.6141379715613,2.32182931292765
0,82.8885882151559,1.09185559424906
1.40825180407129,66.9156411363318,0.855443793074051
3.65430498909926,74.8919722885567,0.258277089130653
15.0860127946819,81.0768551805798,0.38535406179308
20.6456622456301,71.1176497069304,2.51742422746884
175.658124218442,93.744454296536,2.08897408144748
78.6055598162351,100.546225104383,0.971136906720808
72.2736390573812,89.3878934713886,1.02450588643816
35.3602714377252,77.2872479462098,0.82108499741279
13.073527752297,103.490861951625,1.26277577378325
16.4881580871647,114.026068058869,1.06391727279198
22.609299043065,132.915055971596,1.14456565600696
90.8886167387499,152.909338329724,1.36653658172157
95.2332618995478,170.389144806176,1.51821431053216
27.4365280447798,158.817375022434,0.368100431426169
34.5103933612346,160.529607308842,0.392867552741161
9.50256223995884,154.33268399015,0.329089628404019
38.0375472791533,160.028156983707,0.359044107686142
43.9021663561424,150.831060349762,0.768666067490749
57.2127905042908,162.082203604997,0.444422019031367
48.9334217765479,169.74344348042,0.392326915670707
35.5208849878445,148.802398961366,0.290885263361065
7.11494483227473,149.911476107479,0.681601918009881
65.1497785113119,144.60320316822,1.27478246410067
11.4887747751824,161.322434287086,0.915699410469363
0,113.511438483375,0.522969020284262
59.197684102472,121.991862165477,1.34874446209048
162.58652975984,137.040171367379,1.40886756049168
4.81853349837863,105.324868103258,0.202934536372415
21.3202034872536,107.689942357349,0.268818010776
17.6510955621988,103.315155336332,0.487932663746103
5.86475423991567,93.305326557665,1.03681443371545
96.3154289395304,106.287548711609,1.86239128955841
0,66.1224295333472,1.16167396104795
76.6084415414756,77.0956730519353,2.21280925510167
25.4160727351618,90.5227555256695,0.916958211406573
0,56.3816641559776,2.63004919263192
147.021940426625,77.5654570549308,2.22471117274204
15.4917337524374,81.2138568409769,1.11169503512624
89.60010283754,91.8986150811383,1.87029229271371
21.7236157528015,71.0250972883198,1.8333810992773
6.73058097765018,86.5240194583106,1.39860499929633
39.0547656278336,102.850068772019,0.699869928436435
30.2714370697543,107.553912292493,0.491016055094011
11.0329486595559,110.773806671641,0.3968655847223
29.0199861583677,115.478001371226,0.45078757492236
34.3868319094255,118.768867376462,0.430578857061443
32.876108328869,97.4078210018442,1.26511678665624
121.878583372305,110.31584402644,1.60859695921193
27.4449193463474,118.255150866658,1.18161136905344
14.9113708138817,134.296109633347,0.511326552813256
49.9496300732,141.975794773514,0.961836767667954
32.713772587702,129.516160582635,0.442975733524796
22.5779812990925,112.111774001013,1.5788409007309
174.44233832754,134.173012993471,1.52789776697194
63.4894430337572,138.538771366768,0.656374170619636
39.5378292341869,126.960396071173,0.462506840887855
44.4718526087692,129.700713566968,1.00882656696333
128.903172991373,142.039809708638,1.55748095413595
24.2004658273455,155.22854190277,0.771705487044227
27.5716599607636,147.854399312144,0.371523873958514
39.066790213802,151.7629392055,0.343109484782639
51.1217716824995,153.620726872085,0.478376875889506
47.2983867053497,156.815988545006,0.383220613885835
50.7386561529393,155.424198836141,0.735959335038489
30.548666015819,161.186114917533,0.395535050181877
36.0429912223348,163.532718822659,0.340710611848787
45.3887832132533,163.950120280518,0.848677201899935
136.334750562431,177.343255440171,1.3043580409455
228.233746930777,190.91244839423,1.53404732402495
30.1488673147885,163.25772885579,0.904540931079588
23.5663644626705,161.0726589804,0.311832969305131
41.2804021111621,165.135115661342,0.397182548393424
47.3163721053887,168.607741940835,0.54431594091541
26.1259412600181,144.611556214221,0.417973161242245
26.7435975602108,146.77378272457,0.338800171305104
43.1803133205578,150.057123463137,0.74260014616717
106.249902731599,159.807427534079,0.98652619469596
144.840377193167,141.623072146526,1.68797352842247
68.1444719791994,155.082446375674,0.66158320707195
50.5400384454953,148.87562315061,1.04448335268095
51.5564179162144,162.209927447733,0.370276223476311
44.8534306955978,154.332617098891,1.00539794475358
147.628881156562,168.717863348694,1.04153148018073
16.961926324591,128.08760242083,0.867351771387324
7.39895765019265,124.746266960474,0.158233516071395
3.7390166163845,126.509135930152,1.02312148237523
84.0964254052667,144.465592797363,0.856197301916385
21.4124721238189,130.975231192357,0.260484073657848
29.6961482325524,132.790158284564,0.364688966191842
38.3180450795087,122.432364519726,1.00426893484443
121.726940318917,127.179888032505,1.844982914976
48.5782544286317,131.197594460993,0.569274803963111
51.9668156136922,117.406757319336,1.27746590658646
41.2552344552062,125.301079787693,0.945998680337974
90.1764992993595,136.735689044298,0.745955285490778
84.3452974083561,137.209424648435,0.74508186678232
6.49566678779199,106.544213817999,0.923651994137987
97.2684805855535,119.674800785009,1.78754208599065
27.9425795419866,136.339838277894,1.11956711597848
15.6004342577336,134.434658154115,0.465850686992515
20.2105003709825,140.750597745867,0.287031018835518
29.9423029313952,143.634781617542,0.751587107879165
34.6890109448948,150.885282404528,0.335678405102389
37.9177833075283,124.943163054423,1.03771758336237
37.4362270657402,138.048582185132,0.524449445036652
44.5578185545299,136.77515655955,0.481172660849514
57.4061494845649,139.811534768884,0.592696559437318
69.5274591519701,139.718739869458,0.568405393653197
40.3854589414769,127.129184457976,0.414985724128162
21.050271946571,128.896518419211,0.432763969629669
28.7932334120007,122.818243471653,0.485586928268783
50.3484589355723,122.119213089442,0.597669968319468
47.0062204589108,122.798008865723,0.847723951238264
14.0966420566154,130.954093554427,0.795911977311405
73.5781106357109,114.034367591863,1.56630211374275
25.9304052380588,129.039247643683,1.53294708725393
19.0952141250158,135.779378156111,1.0501830505705
27.3063635017754,146.703941560763,0.415519414825885
24.8696309468861,143.372873908705,0.317222855063298
33.2055161538283,135.172841662659,0.580136180882276
33.4408559963863,143.034838929973,0.384939736861431
45.7181765647043,143.843269966723,0.715079330346687
31.3405744227008,133.234669097525,0.538754083426761
20.1290029930397,130.573667912412,0.782704632925134
28.4761995359506,134.142099197998,0.510165316271873
40.0059623469358,139.850448758965,0.608158496836363
62.6680015211946,133.409589740522,1.22731239157928
22.8658912339795,132.842886991967,0.925947591548081
121.925268965017,147.148552710613,1.72001481435305
16.3085584711645,123.690624224549,1.29971511641803
80.5555305895758,144.326912166358,0.617906900211993
29.5831734651041,140.75163957723,0.520775861081197
39.9690211111211,146.996908553561,0.367873295557217
37.2047909886472,139.608702075674,0.531202004551438
22.4346575175725,143.502776734212,0.386238492650997
23.5122382051924,141.846977258689,0.34992049593408
39.3744781781573,134.327379624775,0.764447421110376
101.398631957531,143.371914019135,1.61314638655384
54.7592213127335,157.531288553753,0.591768132291885
39.5303429569345,160.006265146829,0.8674653963224
49.5377951164468,166.809390502676,0.439723925778203
29.0190825634603,158.48662951868,0.510080537455499
17.6741823515682,121.428687930848,1.31899585546796
39.3580578952281,142.446057049013,0.453304442108726
56.2883909307873,144.032650827693,0.950440969691205
32.768378062476,150.268437968023,0.399667002647587
18.5871378069535,118.122923569891,0.479546813699687
56.2576787376355,123.559828400731,1.10217190529923
101.727842989499,134.97789879348,0.885007242866894
46.9724482682576,139.031425491309,0.475800890148731
35.0762482265635,126.202919451173,0.471246317746459
35.075120530718,129.68812128741,0.923207678748161
10.8967566774029,134.378419327882,0.816940666804881
98.3500441034311,148.504482015382,1.18971630526069
173.160383870494,159.694219094605,1.67613678572483
26.9893942433699,137.3941281381,0.744237534876453
6.08598782234555,127.790516598743,0.530246033198251
19.7563506431649,134.631251565116,0.31881502631574
28.1327087115142,119.260476325076,0.982508288421964
27.6328337811838,128.082296271689,0.423255924272465
28.3398731557214,131.879261544578,0.369033579930294
33.9070014027918,134.783261951812,0.729148987207598
47.7530704821338,131.360770671144,0.502120211589181
8.86054522322603,124.876649730766,1.02261493496824
91.3059813264109,138.368616725994,0.832516243004721
69.3031320791027,129.687786831113,0.841650394928243
11.7625596441958,135.380450391781,1.26245887015508
22.1871399877784,152.895140659943,1.12915057501691
46.6500118408859,166.278588292973,0.472420798738798
55.5453807379522,169.084265238202,0.453180703695238
68.6714802695366,172.095743176272,0.555702059350921
83.0729985170463,175.947525836136,0.60016079673966
67.5540280900389,163.838903528289,0.492701740915614
25.0999053125631,165.720287086582,0.355721649985945
43.4672040199934,166.759091620267,0.32537614129524
46.8490417121378,168.300838154168,0.43743382208984
63.3109558648294,172.125329180248,0.51935188258698
68.4911781919245,172.947422756705,0.475907829978683
44.0743418296573,171.293385865864,0.46374766501856
75.1061368430343,176.345180994258,0.592890836050052
68.1461080498244,175.568640365365,0.551866604863844
67.4106308728434,177.074145214993,0.527493027329166
18.9570942580755,180.787680364755,0.322903360285491
25.7098161235919,166.029328048983,0.285561082217193
4.78768690085427,163.43690712744,0.524300115845598
48.6008834290285,149.128649372496,0.905419288539416
9.88500806191761,120.256692866263,0.215081129048675
25.7751288539579,122.539541039895,0.558101840583146
0.618694077573063,88.3557814081943,0.159699908774396
14.0510180427916,90.2831694300524,0.311648098426602
0.362388931095892,48.6590431887652,1.6566024218399
53.1469705108021,56.4092651618348,2.20728779311095
17.9574020526953,60.9727875431708,1.39424229412076
7.13876797398806,57.5308593348391,1.08282778031586
5.79591260195207,53.0643125566332,0.427858481799555
1.16608807540618,47.1091342489513,1.83280568610286
11.2501566392441,60.4289147814053,1.59755783347434
80.4952820768773,72.6129904297115,1.83444712252157
131.520803908507,80.1429060403677,1.84446204334105
15.9592430644614,78.5318300607937,1.00376277347455
65.007410463503,87.5129849869927,0.962332123380773
10.9338797918953,78.7933916073633,1.95554280811853
124.960265976043,99.2433873920991,1.92237901822664
15.4080507837242,100.292029957741,0.818926965812438
10.2322297599656,109.824000958418,0.761151714907314
64.9727954264073,117.888628572882,0.966960552655019
11.796389253286,124.891608288621,1.05107033106131
120.952969961865,141.959247548251,1.1001269304968
20.2209994433354,133.670927201373,0.702132585329938
8.17006473811928,122.14750307527,0.787113460849905
10.0536491655983,100.237605556916,0.151649423003138
1.28475760425917,100.972937825533,1.65435227962592
1.65014440148109,84.3019336323209,1.70830569929389
0,0,Inf
0,0,Inf
0,0,Inf
0,0,Inf
0,0,Inf
0,0,Inf
0,0,Inf
0,0,Inf
11.6921334563678,19.1349371570306,3.49169075759158
6.8211048928812,27.0093871230208,5.36495531252975
0,27.600599971839,0.108349130768357
0,20.3307520309734,3.70151470567629
0,10.7506539457295,7.33443743706609
0.245398389531465,2.78684784566634,20.3944481563775
0,10.8712514911839,57.1518290765522
0,0,Inf
2.71835845308177,4.60185040062505,8.05527150255674
0,12.7657154839664,2.69853326231976
2.0440079166531,11.2733920779909,2.10454974945441
0,0,Inf
0,0,Inf
0,0,Inf
0.478585457603687,0.0940551652042668,659.480590671831
0.822038865452579,11.9120353716842,18.1116819567107
15.3604961406073,68.4757976616028,2.69800588537411
17.4689869220339,92.674027512472,1.33923042258541
8.30168079104448,107.90872609907,1.63973907499423
0,0,Inf
0,0,Inf
0,0,Inf
0,0,Inf
0,0,Inf
0.871434063728595,25.498947218864,5.17884873220731
10.3246137369914,44.2394838493363,3.74781973367748
11.8403809709056,82.0360872590038,1.17404503291875
0,68.6048085823709,1.68434793007217
0,0,Inf
0,0,Inf
0,0,Inf
0,0,Inf
0,0,Inf
137.064588583909,19.5842456279148,12.329644307665
195.173895170507,34.4988447768038,8.81220555827948
0,0,Inf
0,113.527059530138,6.80384582866564
0,169.506522868764,4.31656220470769
6.58154185211944,274.033015735439,0.0562183630658869
1.14050320564997,275.293607980944,0.745891331934593
1.80630055605276,134.958315501371,6.10981273338401
0,138.482808068817,1.90184496889674
5.5801443193345,176.107498326585,3.96669644427064
60.6604052599156,275.105333055461,3.41470189722836
0,262.157138909815,4.08878085505134
0,0,Inf
0,61.5933069642256,7.65344832623961
44.3907778399258,67.343027441845,8.60340942702921
58.2206315049037,143.770007341549,1.97749044623881
141.71093314165,235.419094003146,2.42719917088065
16.6751725632516,254.357267695875,1.71258484982209
0,205.48029437705,1.93074238268392
33.6936985267428,262.155939114213,1.07252210172373
279.08648378669,297.50941629584,1.61973466523256
4.33882604818609,205.74388947099,3.97820770779843
24.9935913416358,276.896867849593,1.94025171745836
4.79471773679516,293.400656264199,2.03630918836949
0,84.6656763553761,0.997655057091335
10.1831635484233,96.7324106665188,4.7708629871843
20.176900173493,95.1782854272946,4.83790489482277
0,189.317547862546,1.91579869638098
36.6611795642094,241.131020919276,2.82208109960796
62.6361414828104,333.106751933741,0.760263840954586
0,304.175030741763,3.79356161364456
0,373.304253887308,2.28230711348071
0,121.713564877088,11.2983358018241
0,196.45153251692,2.94082296358501
11.3065400061389,278.984272239381,3.59019927545281
0,141.471798864345,2.68248267264281
0,54.2136641601737,12.6992082680934
17.6422291413567,152.566608752533,9.28896640250912
0,352.501447853344,1.08767576720657
382.770610335435,407.273916815531,1.30178205738651
48.8381302887013,428.332669246467,2.44390515109133
10.0824123071548,516.685617438213,0.806712451406994
410.544831564066,574.790518687236,0.95203415810826
64.4120294139994,495.962627806727,1.80197014881838
0,414.49890596638,3.70996883707225
260.659563349424,634.181480842924,1.05785977563154
59.6353320466772,616.952475976193,0.828863153292509
0,461.289314752339,2.87116919057438
262.527799549187,532.023864414458,2.07380709186673
213.253078235765,567.245064130875,0.580388693498422
101.022325746887,634.841848342716,0.99532646020994
0,93.0261520647343,10.4858483265622
11.9716044657228,208.367632490129,3.98677334619811
0,325.330906626747,4.69803417986244
289.520758815517,543.676009355046,1.04063943808599
41.0341403688114,583.140286220839,2.6122282378942
436.179181388527,655.540752077476,1.88299704597124
7.23372263462847,700.553153764725,1.20855657239526
0,233.946644849583,2.54991505920213
89.5866629348074,205.138352630246,9.70522346191588
1614.855402566,476.756479766107,3.40296761630294
24.6156743661597,357.91463166335,2.20316595509149
0,467.047439798156,2.82396582311921
232.121925866424,655.465440907487,1.02132268505074
60.8350902047812,361.100988835542,4.39917773211693
0,579.391194916034,3.22953014366601
61.1978658071443,686.769601930615,0.654475995711029
0,523.993032546975,1.33250121211878
10.9353252377087,513.484622759667,3.13902115823604
0,383.914496326406,2.88441348101815
0,386.895988399416,2.09790033592454
0,468.794726130456,2.61619359667155
159.239492811084,644.002977652727,1.4476355385128
0,285.642837886138,3.65009529509979
15.5229253698174,259.380811884887,3.28408777047464
0,268.418572212038,1.86220849476076
0,190.879681737419,5.32374829895627
53.5994058399719,498.221422998378,0.859252305328572
0,335.143105020629,2.31866926093719
0,111.012287946625,7.14323271296717
0,113.283800971666,3.40324139410131
105.804297754344,170.073726239998,2.94641720898322
61.6876160651076,226.545705673581,3.72667446582742
0,225.058259074984,5.27023997696989
0,169.444433446318,4.63122332544418
0,112.105001791895,1.9072929013477
211.263867956987,142.650298095217,2.95075709950848
99.7663784733325,172.602085508713,3.44804169085008
0,0,Inf
0,0,Inf
0,0,Inf
0,67.7242040046058,0.77479339323391
0,0,Inf
128.820519264338,18.5160106124321,10.7275475637265
0,0,Inf
0,18.5741952745611,8.52639022172837
0,0,Inf
0,0,Inf
1.55929275834704,13.8152889805608,6.06447655075362
0.730259434461989,12.8630493743128,6.19910562861053
0,0,Inf
150.908918275034,21.8538569769254,NaN
NaN,NaN,NaN
0,NaN,NaN
0,NaN,NaN
NaN,NaN,NaN
0,NaN,NaN
368.519903412409,NaN,NaN
98.6681359179955,NaN,NaN
0,0,Inf
0,0,Inf
0,NaN,NaN
0,0,Inf
0,0,Inf
NaN,NaN,NaN
0,NaN,NaN
NaN,NaN,NaN
0,NaN,NaN
24.4111938017223,NaN,NaN
NaN,NaN,NaN
NaN,NaN,NaN
NaN,NaN,NaN
NaN,NaN,NaN
NaN,NaN,NaN
8.03316602700462,NaN,NaN
NaN,NaN,NaN
0,0,Inf
10.5535260572397,10.7723798173743,NaN
0,NaN,NaN
0,0,Inf
0,9.38786668303188,NaN
0,0,Inf
22.7425465382134,22.5276621874697,NaN
0,0,Inf
0,NaN,NaN
NaN,NaN,NaN
NaN,NaN,NaN
NaN,NaN,NaN
0,0,Inf
0,32.5294582814872,5.82452282157676
0,0,Inf
0,450.664329824771,0.568566827292133
0,83.4172740331957,3.79516707631418
0,0,Inf
64.7939110946169,81.3081233481064,9.3309937367521
0,180.435506007197,5.73227447603844
113.055029743932,246.885360609967,1.91321285744126
16.1811972300986,199.085008877888,1.46235589539698
9.37992250824823,105.051388445464,3.47787491341401
0,0,Inf
45.681063832615,37.923814298996,4.56187744641054
6.70674628228884,56.1127756275441,6.50140855407362
0,0,Inf
0,0,Inf
0,0,Inf
0,40.4149499091335,6.94033818603238
0,0,Inf
0,0,Inf
292.569853484153,44.9234518407444,11.6930509651252
0,0,Inf
0,0,Inf
91.8871760829402,357.103803795985,3.74286595107023
0,0,Inf
0,0,Inf
0,0,Inf
0,170.370758714468,4.57372050284029
0,111.318318888117,0.844218946686654
1.01574803493997,124.743609447925,3.61816679535556
121.214845358261,258.480196852126,1.52595389109236
391.515199306774,297.510770680492,1.43471666667808
2.928772283667,302.557693809744,5.77004623841283
0,538.109990505095,2.79248082385009
0,463.643562913391,0.700722906071119
0,0,Inf
0,146.935552674631,6.03966404178703
0,0,Inf
0,34.5029051619997,9.86037360655876
322.61433066953,83.1045530775685,15.6960141143539
1243.98449472784,223.361111278006,5.99327440254399
0,0,Inf
0,0,Inf
0,0,Inf
2.07660307532505,19.1216524352911,7.17976519081266
137.149309716072,38.4377055024906,6.14034903324075
0,52.5622223747962,4.27134212791009
89.1426815420647,84.6352559128027,2.75467248085669
30.3791371578509,228.124500022676,0.770392735256577
70.7520048135952,241.592046691426,0.597900807077372
107.395470459979,252.120057389523,1.26714153594075
101.603347751583,282.416675432673,1.12760654115012
30.1351182738547,250.900860716868,0.544788579231754
134.241607557228,266.122690026027,0.677288820434258
10.7146719046675,246.384766328708,1.77111645678675
421.907703592109,307.193543820375,2.17094821986845
54.5843326091514,280.131109801634,1.1596131859416
33.8810755643507,318.739594960103,0.648566757797027
112.200511433009,306.184810043261,0.637830165756271
165.934685149643,318.055295287395,0.748566412036243
52.0208716053961,300.510118596196,1.08820504690828
43.3374968127698,334.93437226784,0.530914502104751
87.1019899293461,328.794229490064,0.783974755105616
81.0574752763652,291.899446135356,0.846347384243875
52.9552679295695,315.612425767146,0.546156285307169
14.1465405590293,310.878900295546,0.642836358162428
98.7847880652353,337.407145943617,0.800209701954358
12.6466977393952,227.449613308877,1.99044692713661
317.603619530778,290.318139901686,2.07717309102035
56.4943826630419,294.532594427213,0.461775505902117
126.05087230054,295.584412864424,0.676325868045201
148.180328973216,306.135914623085,0.706920783383508
77.3789957463575,315.883559139365,0.395136636406662
55.4882691160483,283.375332740814,0.379084850076567
71.6593124905661,290.794622228157,0.940983520570174
58.5930196273109,300.435995973726,1.03789724357111
123.027088036119,306.288411643692,0.577004378981889
73.1413493643031,313.960221174221,0.573200056116677
3.42919930896027,288.447559386283,1.19883596790381
119.856958476863,286.37080318247,1.08354332293837
0,165.094364617794,1.84524248757397
89.220264422791,179.760864782826,3.54030978096083
77.9131285509911,198.823275810483,1.35889977336067
85.8465906422165,226.290100937154,1.77688836527488
127.821861274392,271.468051921425,1.12721215240712
45.5550961165215,248.446682654393,2.61578410764533
0,333.761425466058,0.168159278413973
58.9697189747636,269.529023723019,0.881935312031443
22.1999223200434,222.418168278352,1.11480139853635
80.8031902682378,254.668477240717,0.863175143033566
125.883097427324,249.074203406208,1.120466966112
21.1856884783366,270.959391920492,1.73868037976291
70.2831399961402,221.26193331704,2.43781688158002
81.5938143660735,288.278067073493,2.3878751837255
19.2456601592605,331.846484757857,0.326066159962327
50.1429960899323,344.554806018247,0.790654193006467
19.600346016303,287.436924120607,1.24136037486466
31.0690218546492,271.334977248276,0.499941883265389
21.2535154098878,219.259228872769,0.699038120991566
72.469093576596,238.118806580111,0.3652701799459
7.65046536068312,153.508860543018,0.784441090210903
56.7597767325273,169.618602337406,0.974910064867001
11.0501591147796,140.67062391501,2.00643344835885
281.007914779225,179.412921902125,2.6086937574547
59.2379840446057,206.130843986918,0.553020045831626
10.5092627041704,188.952878987536,1.16847884719488
4.20637653356183,155.879024699352,0.143782228053816
32.0130711797216,218.273312958404,1.21535435128973
2.12769748807675,189.119832045413,1.406055280049
25.6596290272328,218.981080070699,1.46939715251039
19.3529756067788,231.242846781122,1.54440843816052
41.134213909495,276.896299821362,1.31226489001051
351.67965271697,242.203109528261,1.8553362717715
34.1571951235016,257.164881340815,0.601475986174435
68.6023563591182,241.058446483057,0.635936911159834
36.5459757478324,218.550372833484,0.538377340139586
15.2427959799038,230.13845749988,0.788514971119591
16.5104056617302,216.201254966704,0.927564469657208
5.07565837589411,200.189776432187,1.02578668954419
19.544653529516,180.54633663859,0.938996719735979
0,111.662246657159,1.75560862611546
5.62317669539802,104.33278774128,2.33711314920296
77.5844367810728,138.36340965953,1.91653167837797
113.541028469261,138.872441690834,1.35838663491179
37.3774692687514,149.601218873853,2.08310436311894
23.0960149494564,160.169952134454,1.3058421257787
32.4180741959716,202.927249126339,0.78904096451262
157.509875804191,221.170083152134,1.87403067550255
0,119.136903712084,1.66134582788676
4.37445582900694,90.301361135117,0.50089582985319
2.67462229117111,34.1121024747224,16.7703306783135
531.226674760327,115.454476237928,5.91332570413971
86.1343780464829,137.096368700128,1.14207096237643
82.422552497748,147.159140656298,1.66413277524607
27.1134025615395,196.154831875342,1.29125315868388
69.0720746155291,244.098444826439,0.590319748583284
1.02558453064055,226.540796259949,0.903395759429267
2.19957128094819,146.809857285213,0.780335958052038
4.40630699916317,103.803028303598,0.905683744856304
0,0,Inf
0,12.2381457344927,6.57402553536445
0,11.4934117948666,3.96059304138198
0.952482945097355,17.9963727629361,1.94268869649772
12.6811860177804,22.8547823342815,2.77456116307657
0.65065156860511,18.6086284590557,6.11028736824227
90.7989124741666,34.7591164369238,4.63880119955271
6.24392360551199,44.8222190867564,1.36695286980824
1.61099136895085,52.6830672876569,4.7093581807179
0,76.5349028264545,3.32445095859742
223.435009110058,112.88297869325,2.45959899894107
42.9323678001281,119.616385902498,2.90090080490251
305.812899842052,163.053943380206,2.25904580915851
137.897182052096,171.987290182744,1.13095106465728
119.874038134309,180.074722595259,1.08553577788203
75.8663884273188,174.724736893823,0.769435103770981
74.304455798668,173.029199620553,1.16174333793142
148.747998730004,191.130780210283,1.00459276865442
176.803762745656,197.310866058358,1.82699468917937
257.930587307611,223.551172009836,1.29833318525612
102.361778111832,228.167360283502,2.39082683565377
536.43941892055,291.474055979823,1.98086564667813
430.454244869427,297.321416760941,2.33196556614506
327.369698286548,373.742454672922,1.01658634333798
249.090669844787,381.252708538573,0.79400580473065
29.3129057858095,357.345489601416,0.735175174699279
81.636259753258,390.68815059569,0.554877709059845
89.1266656766832,353.951273465078,0.764132983861591
227.695082718729,370.923523385081,0.747434877082721
111.378956813447,378.00153701218,0.456181326766169
70.1706556868383,323.647828959883,0.889187551688474
6.90825385412922,243.409570474599,0.78413390901926
140.273731685469,269.689205351001,0.879046753144629
28.2302151358021,217.975472052606,0.793381139526289
167.783068496076,238.647959662617,2.02605060590168
458.646707157682,283.752213201984,2.10194033423647
480.409418224578,303.434714299572,1.97175603415221
314.241695981849,287.251055385205,1.22561658639247
92.3467022317195,273.346780492475,1.603794239103
170.420013115652,322.781821863827,0.672271363358849
211.206635522284,329.435673626141,0.923136799570905
292.49210120942,342.708181896632,1.00198150944935
8.19019842161317,286.350741887612,0.820431383072262
0,112.418861947679,0.138934956771832
10.3401240883904,114.650134765541,4.00573820567945
349.365264936054,158.854960593913,2.74967707066443
120.847585522254,164.074877391388,2.53173403255116
34.0802162620401,173.761367200984,1.92358201194569
289.74901885419,216.64194206625,1.88001429373265
7.86988795312976,106.804592957044,2.17092949081419
0,37.0537407122323,38.7037632607553
99.1304543373524,241.927913348182,1.18576387709354
238.781565024793,268.747759944116,0.915867662074263
43.5009464158164,269.798591024533,0.587247282516704
19.2117990429473,289.518858042344,0.838893994469826
218.990270245984,321.470834078706,0.8513168142556
101.752462594426,324.228323187862,0.49471639253688
25.14497108134,300.607359067809,3.05514196929918
16.2259487008355,428.214957337368,0.143958815107518
17.0749704612876,434.703438647192,0.147967355305376
17.2983940207311,236.578829968027,0.906671542228162
210.729650548951,264.750386911586,0.950569862535099
298.512508898216,278.463190173422,1.59033423767752
262.758893766691,299.082766797348,1.41652669187046
1.59975428175825,277.778129905289,0.767518601200685
37.0142518796094,272.754125482183,0.9409279053917
112.658211542404,296.317619767796,0.696075378695578
32.7483867486107,180.989598424512,0.432938283425117
74.7868072931682,187.505161183241,1.55703277975236
6.18654490966408,212.040233450829,0.301512830942405
11.1611403620031,220.429435641344,0.860016046478919
56.1858360872536,215.688233352566,0.501225204233371
81.4522948775318,223.105739456226,0.50980229807038
126.707790547775,230.627874672771,0.599715754187698
49.9326420321702,200.910112265774,4.93084640725399
136.082208751273,314.641343825666,0.613151024404161
17.3699572760613,291.836543476453,0.245866324095157
26.2353955383278,299.605517891472,0.277875450323941
76.404362146273,307.750892557944,0.565482069696084
48.8592397740038,321.697071061974,0.32201317261426
82.4683855915757,328.379681362483,0.934770925729113
45.2643166135138,268.070959931266,0.642898621886453
23.0432948325418,286.224979087563,0.331381641663959
10.616799767622,270.995650118546,0.279185756004873
77.2462860562457,280.473968267266,1.05025751899973
93.1656965731046,302.340437158126,1.03965139746292
23.3899897274859,192.014039363254,0.414927050421705
19.7972659511174,192.285326271816,0.289119133166618
22.0898842738284,197.399054971995,0.342656784599785
1.39106340584996,134.812397484964,5.52637272849736
0,133.096770571665,1.32851514072968
162.351120536102,158.356924126906,1.04084308308148
57.2889168563286,158.710293926827,0.813378905560242
34.0132776670753,168.967820829543,0.506572561797935
29.6139329674614,169.134171552534,0.481930581262202
9.07374103349918,174.804197856853,0.36793186638176
28.991644973072,182.695954104759,0.485340692219181
26.6359975499218,173.996655742228,2.11928505860551
2.00668134280513,204.845886517273,0.396497471433229
11.0201020515843,107.395518911898,3.63684815117198
5.94821798359274,161.618532104371,1.33561511449522
31.9758401704411,135.949794717972,1.36023846087292
85.7227924698485,157.799551768361,1.89338094899289
89.2054178466165,188.235533569501,0.643463245916126
0.924027428028466,170.395130110634,1.06156710735729
74.4074697703153,184.787650575848,0.786663672425045
22.1661294349516,194.924545154487,0.469821393261918
83.5470714719909,150.617759383511,2.20901776336123
275.125226520573,186.213507166919,1.85662589614161
34.6805798393612,196.299734752188,1.65591701833405
31.0576293165267,207.794528374146,1.81076913026003
5.72918294884688,186.801504120758,1.10933242469167
0,175.181283116608,2.05748546723291
4.40534925644227,129.591287828206,1.62790571695088
11.2677378568697,109.783682251892,5.6778135379636
113.001220983551,197.221330749094,1.5813641215959
0,0,Inf
79.0095994066244,11.3562684086139,20.385571507912
3.33413563606149,33.1411858800735,5.76851949519658
13.9792649058271,59.9756774810843,6.0007198344451
320.278928794008,109.39253070097,3.65503691522308
341.470858855226,120.757503439214,3.46848963281335
34.7945484823846,131.81111628323,0.85374329974779
99.7599557121966,142.916588979901,2.79346738445791
85.124977123747,185.698428165778,1.29345749034585
22.4537283583798,207.851006127596,1.20633214992228
114.214424422078,240.462952231458,0.836650922708659
28.1791095222664,252.887113151404,0.504581501688103
125.530631618765,267.090405978438,1.05851828022097
44.5809834158903,260.072944723137,1.08036310758688
82.3106088438257,293.843263486632,0.482447245271598
127.298888364405,302.336586939049,0.575584045493574
61.6781941172844,282.176556401851,0.636628309647145
39.930729447533,115.555266942224,3.11889119688011
129.963988119897,161.337206281038,1.46328262747956
6.37488124790915,102.399576208197,1.16019314209187
110.234237487399,109.967453444631,3.81517653743655
148.458941221751,130.628366776436,2.40230424230315
175.278880732105,154.249815126495,1.5525506963069
32.075184087594,163.421497576173,1.74247200947397
13.8976196510714,199.518954888345,0.409272696214204
10.5603776901086,209.198960740048,0.963516054474219
0,105.857191043934,2.96989439452182
115.184330047651,127.147839594047,1.71638849717836
15.8381991533587,96.6002368711466,2.9736300750285
15.0611576309285,125.693826799666,1.09679962787123
7.06282410027525,115.950056123439,2.17598921269236
44.1235401442676,150.984805728496,0.698798611693258
87.3497209613548,159.754010369294,1.32010403104124
2.75051106623997,177.402894955315,2.25327498791647
22.632536107843,174.481688861985,1.22177992507254
0,145.386079340024,2.19091312830562
22.7375649439797,138.151021654451,1.45908597195177
4.6595710305368,106.986687060492,2.78153477953697
29.8178667709736,121.612677251803,1.80556679112848
58.8161874051845,148.721526488247,2.80527390908754
24.59671055789,199.919873712814,1.40212273127926
278.339759527812,236.450657828432,1.39170958821136
66.3021458739544,243.697927558561,1.16666738316447
135.080651348556,274.842538637618,0.68119742865765
106.97621983269,236.787268545931,1.67663982002994
112.233107194001,322.773915923183,1.04552612349999
31.1690382902694,354.950409335766,0.887049916010702
9.48070073737738,353.630705410526,1.29308289574662
100.202931214987,390.492301294052,1.33399060893318
30.7805824027814,362.864617321293,0.476719515726636
7.60838871898216,337.338834081226,1.00450714929298
0,191.708313071785,1.65085657748502
45.0789009892045,183.020281914773,1.59205244738672
19.0159459206619,197.890985416724,0.811261104593431
156.700344464538,218.108887344952,1.03849799894049
35.0744686893785,180.759518308461,0.767266451159348
10.920550133813,195.753676841113,0.582272878802819
0,105.119165461472,2.43458311803627
54.6607394800852,141.679357692124,1.89404244597194
138.535006595787,172.205925935958,1.17684000484304
0,76.2473056340122,3.85353052356156
17.5751113004542,118.221779862583,2.333936227775
66.4431945325325,91.9420150708125,2.59593935004451
116.004177798679,107.386141384454,1.85632067585652
36.9877139705383,119.291703777844,1.74943396129902
115.264950354607,143.821024337794,1.48305247675901
136.549739030983,157.825192337733,1.17085608321177
23.9842001599972,164.716741980836,0.937396032706185
111.396844474746,183.348259165569,1.21367280758253
50.6586828519502,199.223680878725,0.449815503462433
52.6794308756799,204.788711945033,0.440038636678261
81.2144778184706,210.136642621563,0.463056422906006
27.9089570993509,224.767817617091,0.70411597889573
139.770179358073,243.389768306571,0.975920290079471
215.198569665485,257.355316010864,1.17302142514187
2.96841847683374,232.38709409715,0.157740087872685
3.01071501910073,122.355710481162,2.07347342123262
17.7597718775706,132.624516399886,1.14427182638749
19.7854088723051,106.796160268637,2.49940482000526
67.6359418538017,142.102078677377,3.0997946256532
25.1600882395281,185.931212883573,2.03183770063939
37.3617991734502,236.305778572562,1.46815731735021
63.1669572982817,238.125184243612,0.672557148038417
0,216.167361228341,1.2133218598044
22.4465037007131,199.187422680672,1.62443934239145
309.646630345666,242.204762996576,2.31739389684768
125.677478069383,224.888461751656,2.16431210197157
41.8215931181719,226.092659104595,0.822813707867826
8.78434136271659,202.469557286221,1.36826232173189
0,226.935455525797,1.32077196985231
32.7173722442522,232.285370364305,1.2785796464828
171.132996993445,192.840726278871,1.17923735566719
55.2226184711654,200.879582154384,1.82044088143614
75.0921885386512,224.630473452543,1.17514626247591
0,213.292523110763,1.29570024473429
14.1837187357571,209.954406792259,1.44465886613899
7.60508349481451,213.504521369739,2.14087452364903
20.2044668522597,171.97924724044,1.60590324019393
10.9418840329613,182.423025538369,1.46327556366006
24.9961753594838,218.993492893551,1.42347028508433
0,108.980569070253,2.36032203948224
32.6885430122137,150.214431219497,1.93103884090326
25.2209550231424,109.450650112247,2.71234214455894
4.54292109712033,148.257315258773,2.30595321437658
37.0482104486764,196.447531198585,0.959216104993565
6.71891155246794,186.626283721305,1.61560375086468
43.304893495263,228.739885498107,1.66954798210065
54.0970400953415,241.070826236542,1.97257272787726
40.7222990000772,262.46883212226,0.31072776089746
12.397057026536,268.302268338066,0.886274990806005
207.478483549389,300.501201677782,1.29963065841688
19.6227049983149,256.835937992104,0.38289175544076
0.724889860484608,225.96771595241,0.286651431317598
51.8855581076792,186.747967178811,2.12341139262252
3.04040962945746,133.81608834119,2.22095145994682
89.0956541937587,175.838749360659,1.81103368178351
0,144.41954443641,4.07341596502998
28.8993699904893,217.214290123535,1.42251743778002
75.9487732331754,257.227396615713,1.6008522990562
366.071352594427,305.203724618474,1.31678046700399
343.041069153664,310.320146109909,1.2485964636418
23.7384111890204,258.27975833537,0.216047961510797
2.68825899612947,262.860101778061,0.773350158288762
2.86105152247405,216.728926310114,1.66936304474435
37.2267768023809,183.965687855417,4.0755426745925
51.4664900269075,252.717986963741,1.02541031336613
20.3673480363689,253.729200943327,0.617844756164798
2.11322986966238,273.214616407949,1.61983754288281
48.4150485485331,284.859167017307,2.83891057158665
788.451154564459,291.679369502612,2.89173485700448
70.0029477130688,299.537690259087,1.01968365639762
2.4101466682069,262.176392629752,1.129663550955
229.309857949526,304.142245202107,1.30190317988644
36.0384793144216,298.282353493259,0.941741046643309
21.1041388245128,280.830231636738,1.09366248498026
29.3461095570093,213.080902787401,3.67338928778024
59.4180074802728,279.215761552862,1.49799727081792
0,0,Inf
0,0,Inf
0,0,Inf
0.508354044572158,22.8998547903533,6.10763416727041
0,27.6878811214183,4.05950025117705
0,35.9649345522112,2.83236248080188
0,0,Inf
7.19523749928914,11.3319815028619,6.0217109554387
23.5416275184932,20.0523643119081,6.14813085948984
120.088168547831,34.301354642377,6.78740501813404
74.1125099387061,50.4055000824675,2.47986982068351
0.476936426613679,57.6750098699339,1.60437793043961
0,59.4938250165856,0.441882092372947
0,16.9064046325991,0.832063349447261
0,2.00959995224444,44.5300632911392
0,12.7839447233308,6.70963294602565
11.5492844046865,25.0375985370209,3.85367149776551
72.0333957041304,37.1715121727247,3.08826095483743
0,30.4964151595596,0.666619995108424
9.82956535986665,33.400632320201,1.62065810621049
12.5841316598757,39.7294094862615,1.90402266517807
50.1302774845713,48.7382044114195,3.35968825667573
89.5750165502993,64.9689037725533,2.56246237842632
20.9598569504985,75.9553830774774,1.27925500221666
0,56.3456031745816,1.55176978465521
72.9652935746463,68.8363752466514,2.41334831329686
0.952395791543538,63.9032797834099,1.41454743493438
66.6810015064918,60.4499839522724,1.76819417348716
7.04238250560296,44.3206276628714,1.61485816143399
0.680368934969873,53.5390769193945,2.39891319937137
11.3126611194869,71.7898239721266,1.00199978782095
0,54.6504620069079,1.74456945736715
0,13.6202181211793,9.4412219850587
0,18.3702146809962,3.41944620284465
0.697048332093013,27.3439233719067,1.42992661818854
0.609795554807218,14.4598166256397,6.50162552284294
36.100286312957,27.8030333790797,4.55852689968609
41.9533530557179,40.7516889845723,2.80968171468273
51.2988595899782,51.1153921740969,2.46920396839044
0,52.8438934277772,0.809516875364796
0,40.1257149524315,3.378784269899
21.1792862112202,46.5450785611856,3.15541313120915
0,37.3236857676618,1.0492400712707
0.547251764477521,23.5501675126933,5.53033088783233
69.9437434508719,42.0777342333499,3.33609061276322
0.619517703835696,34.1836949272707,2.06722893116845
8.20538379989776,51.226674225702,1.53722245215817
10.5881851292151,55.7095175477444,1.58427549130761
28.569926890929,66.8053801412084,1.55871052489882
9.08369634854423,59.0721451712717,1.47534115522199
9.12689129450731,60.163070859633,0.485632911607036
22.3228111760066,63.0331102851011,1.03915388105776
0,52.1584581312266,0.917503546316708
24.666436930828,26.1294599794287,2.88976915245436
0,24.3541891934059,1.80983293207088
0,18.37674678934,4.24822235372578
58.9060261128468,24.712455803337,5.52428127795693
9.01912320585577,28.5368644213156,2.17546523542312
0,29.8204100833997,2.74358682200914
1.83155696720709,41.508250673646,10.190235272726
0,79.432000079851,0.853886420688415
0,69.8533127704057,0.375981646197686
9.69609958786784,73.6052504172312,0.621724485245324
11.5988986787965,78.7575485371081,1.00496783313478
39.9354757640648,28.2436372601102,5.36622660433433
32.5719110366278,44.1902489607255,2.86880440093155
65.4758211356567,57.6475731978915,2.72626475564896
29.911086344091,70.7456769010985,1.68661157633592
79.1970515312486,83.518447085816,1.64123809922992
59.1415038175633,82.0971184541309,1.64004151812095
27.4451587937773,92.8830011634602,0.599292390392475
0,92.3071671952274,0.695370055695625
6.50827032275509,34.9525667788005,1.32394466788589
0.379871178751441,21.5192814271391,1.52427046427661
29.8565380853147,26.150900557581,3.97268575008176
6.07971421481753,40.1829503941093,1.19784025242669
5.58969050598317,37.0208648562323,1.24308739778443
0,30.4470291498833,0.821388363811056
2.29745256960422,34.019719929359,2.49012364049
10.7201088078458,36.0563113890994,2.08898561662223
5.92301072659135,41.8290871217179,2.13499457451025
31.9608562430493,53.7407818838598,1.72879287504318
43.2567491317013,56.4397509336463,1.36834474013162
7.16574454151746,55.5171519537624,1.26172651290226
3.96695171432063,64.5002545251006,0.728117154373222
4.81739057865258,70.6426531060784,0.629503347384377
40.3896527399184,72.7345903294222,1.59015601266566
0,57.0143675131197,0.869048958309763
0,38.6212677404431,1.36222894413149
44.9376612359998,46.1371261368836,8.37361110683647
308.331697164084,94.9080819399299,5.13103014699959
65.1677060919791,111.445626863392,5.28052181449718
23.9680518342604,163.646266606636,0.573757219326822
6.79028911517641,173.635577327662,0.425297037462764
0,168.620880477571,0.425060262774792
58.2419600952048,130.08907264097,0.632115391984773
9.12494956005709,107.995474439051,3.28380642180344
0,63.0249519634143,1.07744684825899
8.69057970188465,72.725814228365,0.646350101025129
3.56780782633852,78.1994938957584,0.689711927862499
15.4590038321686,75.1556767673675,1.25914845592706
29.1001110845975,83.0390775492872,1.05130729966611
0.662415341777877,41.9945338881299,1.07851538752004
3.75022916327114,48.3701532664588,0.976492157459907
0,32.2121156612836,2.88896704432287
41.8072128514622,34.1959142398193,3.52402384133023
12.3092923566929,37.1245609405674,3.74457872961674
37.5378847846681,55.2254964959554,1.49239684677351
0,49.0495379591748,1.14105946992793
17.5959993701363,32.5079229598599,1.82121961191351
13.4251648715097,38.4519325979934,4.53142709295865
0,36.9133530757854,1.21350200855797
0,29.3730560542475,1.40740846130744
0,12.3049022464687,5.95321543301529
5.44125977849618,16.3705173686611,2.77239209572808
3.69943206080251,22.0768363939981,3.46144235967776
0,26.5594616762627,1.3971582831756
0,9.38882008791751,4.38925901089852
0.45831856419876,15.2759576840028,2.55992321184637
0,15.4958417149439,11.9691109504688
28.2578482430585,37.9040531462752,2.86663562595709
8.47237989841136,49.3896618425931,1.95876590956156
49.9425933100265,61.9997198431121,1.71252747983993
4.08291142149795,70.7407074111623,0.942881078397569
6.12833299796954,79.6860164210117,0.709338133826149
48.939419383744,86.8854445898904,0.760676005777341
0,13.0455833717245,4.70014533942361
6.41072948748083,12.1552815339302,4.92130556847355
0,16.3893232994981,4.17159645232816
4.45807553454721,16.0660157339442,3.37451871737479
32.4010278015898,30.9930825184622,3.51547281006542
1.44384286548483,41.9294126744875,1.28880018786844
0,0,Inf
6.79803523632427,9.78126443302196,5.62689665453323
5.08586190694629,16.6727114157294,2.44738033321138
4.21487843302528,21.7753691461892,3.37816103721151
10.4456528819985,42.91060075967,1.50295048221715
0,40.850315644073,1.70758476330946
0,9.96505379574305,6.55493358374283
6.65360996564461,19.2965203371031,3.81284081216552
4.85868136334143,28.8566560954522,1.5426125103409
0,24.5567390620103,2.93168592982393
15.7567565110405,34.8414028320751,1.61896160556327
55.9356226896618,40.648565254654,1.46947310066233
2.45679146134308,41.1909010450211,2.55926092341984
11.4237855966262,46.5682162156086,1.59617326173552
7.02620323503341,45.9948170248947,1.53000896161693
7.9564420598622,55.0442854536071,1.42688258893995
0,59.4627616162388,1.51127745477089
0.928704451795487,55.6664183516619,1.40408353758392
0,33.9545169507999,1.2613758652336
6.35410519737226,26.4048169638436,2.28826127053031
0.734380233540102,20.2484002421501,3.12081006400277
11.8992645351068,29.1708332453099,2.38421928438748
0,20.4295004476114,1.84457215228827
4.83774928701015,25.812884392015,1.51496043428326
4.87407479627821,30.708277143675,0.947376431511195
4.90551219796938,30.896727106647,2.50937789868076
31.0329391572387,41.2718773845072,2.51985687582525
12.2050767271347,42.7731993596802,1.4391600802422
0.716089256059286,41.5877715976152,1.45999585641228
5.52860751171886,50.1594694481694,1.62057826485924
4.05942145023077,55.5987624256024,0.877446017001394
12.4841210557663,57.0927255582739,0.729913193326606
0.41799092364022,39.4066833601151,2.58941237554871
29.2399467669931,46.8737916962312,1.36222194656356
7.35767484402529,51.8184432676972,1.63898217591397
0,43.5057585032122,1.16435976729632
6.05079176150011,44.3530247398592,2.22443183463432
29.0371725175888,57.58295165874,6.66157110881238
30.0884675468534,101.661164513629,0.724816184719385
29.7631189379563,107.889334492207,0.584668431461842
8.22037251305536,98.1313639754485,1.52209113873169
0,102.268523399738,0.584222464760618
17.3115862120368,110.803890372313,0.573244264891802
3.47558042845186,110.168140890133,1.25707427376071
7.3183006214794,65.5750997798476,1.28517995223408
0,7.97352389008547,8.43931412997531
0.730271361234453,17.586534294556,4.17373170181505
0,0,Inf
2.3593428047631,14.6682899082082,4.07904601795256
0,15.5556936339556,2.41665513207545
0,5.37039240764174,7.65781015279263
4.67504605564163,11.2454560510302,3.56887918921667
0.313871874652988,16.3109743393346,4.37081056995965
0,0,Inf
5.77550556466717,7.64047721445559,7.74547975878891
8.10520814923087,23.0345216081296,1.73227126126208
1.58239041304798,27.57692612948,1.50193788752148
0,17.9982751599976,1.98939780929786
3.82920109934838,23.1133793277746,1.85869088205212
4.32730777848749,16.3962278924624,3.26207636735039
11.9457778943244,23.4188621414917,2.20287769498935
0,0,Inf
0.53840797151828,8.13290188268142,5.39137363239177
0,0,Inf
0,8.75773120598867,1.76681418040661
15.3223290754133,10.9682003035501,1.79194539825397
0,11.5870698729303,7.21888995521433
26.6861891519483,19.8747254879197,4.97067306355484
24.4854541524432,30.1753788416913,1.42882079708647
1.47279247248211,30.0074337028251,1.6032739979067
6.59821170418059,36.6699116638489,2.36677737148386
9.03449552979711,48.1258124404388,2.39517691093657
5.9171333045011,51.3528920020877,0.683254850754164
0,37.4619956667259,0.797926229730831
0,4.27027270864905,12.9708554238399
0,7.91272713203656,3.64479940112542
0,0,Inf
0.670636406974799,6.71944085297936,11.6087964923582
0,17.767152995508,6.62015892333023
0,0,Inf
2.29240684764799,3.54801594461906,13.1383176558869
0,9.87980932760602,2.83607344271702
0,0,Inf
4.41611508440749,9.17802104771893,8.51019471828835
3.79310997533018,24.8925566598167,3.35826695103393
0,0,Inf
0,9.63863007836447,7.44892265349596
0,19.8954029268497,2.67533791188719
0,7.60384653178177,10.8067572475889
7.50372423920659,11.7389890881266,6.05640328232201
0,20.8236073460218,3.26815843538362
0.711549764691762,30.5457284893099,3.42331997494021
0,24.5587286749829,2.93103410007325
19.7253219670058,34.8419388465289,2.66395980992523
0,0,Inf
0,73.8866181105213,1.49200852883207
1.20750108392512,89.635113023015,0.75176110452896
0,25.2023078391843,5.37947559389334
0,0,Inf
0,27.9105451595266,2.20484236554708
0,36.701738361418,1.68286151449147
1.28082756241292,30.3093066152207,2.57218248757694
72.1061816699805,41.2636266329146,3.07204712136173
0,0,Inf
0,46.9426843660305,2.4764219424791
0,16.6071276575583,17.8972378164242
0,59.0673723911351,5.45601512243687
0,0,Inf
0,17.9334968060059,24.1434105064471
23.9339551659794,79.7871789779284,3.54191821805416
157.493903701508,116.739422924085,5.87803407084688
225.830027768771,192.268623160837,3.28416363978303
17.2191020835639,250.21313651615,2.98290192389346
0,104.163163459125,1.81332967873735
169.283148928525,131.14632856364,1.96612519545187
132.067166614766,39.6355868118655,10.7345837128433
19.18624861432,122.31578076185,5.14863163956804
0,127.989949979948,0.79922599923611
0,14.6132708092719,9.1723608661124
13.0781383270743,33.7615841373959,4.99692233811735
20.166693654514,41.3805812737394,14.362776401034
31.8473481822881,123.405344491599,1.26453305133738
0,122.000286683335,0.70564511376933
79.191321965556,134.298701851413,2.16341177684701
0,42.4915682016586,1.18669325309067
48.8449835506329,49.6950621013943,1.59478012209496
76.5089187821111,54.0390211949579,2.06150213204402
1.78744591683654,59.0236838556531,2.82701933883117
0,52.2938829532305,8.13473995622862
0,31.4261679771538,8.34528104575163
0,0,Inf
343.827593970983,63.7254904645749,5.53107082259682
0,0,Inf
0,0,Inf
0,33.9022624540466,1.43498409621035
0,0.273847700246962,531.184526708881
0,0,Inf
0,20.7438158988176,0.184796538807468
0.035084467795545,0.767159721963884,178.095169340027
0,0,Inf
134.541899226271,20.7162072575198,11.3645808018788
0,35.1289375518457,19.4608206097933
79.9401690038052,132.791502110289,4.92438883098795
89.2123577015022,214.788190801462,6.22403278302759
0,357.8930222859,0.0277446538364539
0,0,Inf
0,0,Inf
0,0,Inf
0,0,Inf
0,0,Inf
0,8.41358079460723,15.578842445043
0,41.1570479068062,2.17194694788703
0,12.770132083604,3.63290359032308
24.4773629434532,19.397654754379,5.11800059395015
9.51528170024538,27.663590784393,3.91251350814283
0,7.65332113888846,11.499167445486
84.2158558286336,20.2257241803394,9.22377943832142
0,27.1926548973282,4.74903543643989
0,0,Inf
0,0,Inf
0,0,Inf
0,17.065042386156,2.43935627934219
0,0,Inf
0,0,Inf
124.355530496262,24.5153714951964,17.5618479882578
373.302001468814,68.2553282206314,7.0202657659504
15.1328172841841,100.239863136916,1.52358885547436
4.05824256631443,122.199765188498,0.980361388084293
114.107989360984,138.734292168135,2.4222633517354
0,0,Inf
0,0,Inf
NaN,NaN,NaN
NaN,NaN,NaN
0,NaN,NaN
NaN,NaN,NaN
0,239.434659013287,1.02882797731569
0,35.191010847416,NaN
NaN,NaN,NaN
0,NaN,NaN
0,NaN,NaN
0,NaN,NaN
17.9123172973513,NaN,NaN
0,0,Inf
0,0,Inf
0,62.121752267625,8.81056466302368
0,0,Inf
0,33.7200039631189,17.4530201342282
0,0,Inf
6.11048003542068,84.6394730349426,10.0949214844386
0,205.827809425883,3.24793842770753
434.742913206611,216.690629494539,NaN
0,NaN,NaN
44.244773736644,NaN,NaN
0,0,Inf
0,0,Inf
34.6413646281825,45.2124376091289,5.70257823463308
14.8009519441151,77.0961658971778,1.41886158264033
10.4188297065448,90.6087138995001,1.53798010418165
0,109.028080976125,2.66483442339428
36.8366586912272,150.534050019239,1.49548455969177
21.4635666318637,100.335696810691,3.20132462849389
0,129.643658906269,1.10601496948944
111.414933626658,131.708267179603,2.01177454622102
18.1683327077457,178.428937846149,0.636836973896074
104.672594815038,192.066339578389,1.29543123135683
21.9182214778975,171.151247673446,0.516743063939523
13.5039751161962,153.756720505095,1.32221512587731
19.7606108009111,180.870361425228,1.3014966479312
0,126.435754904794,1.59725305525969
193.535672278654,155.28574002133,2.17055202330415
34.7241325922353,151.003999458652,0.538244736025216
1.60264194324352,127.642962244952,1.73606225486652
16.0283993401969,122.453676791622,2.53491782870255
21.6896351306065,165.978226949257,1.4122864823967
16.8412912576163,196.3666799724,1.15018310776803
35.4288503844927,176.873300864465,1.08471092272949
0,156.925211221016,1.35477422723242
22.7723717896948,187.296387187479,1.34749788488147
27.6914010764972,145.76720209945,1.78443677381679
22.6264437844107,178.970195637471,0.560104666221662
89.9189530436525,159.669685172434,2.34358380328531
18.235340373839,180.588421456521,1.37863754549922
22.164288080176,213.549941132029,1.02035241516294
19.5177705692829,211.140466610108,0.96480518372928
17.4278362944798,171.449263403487,1.86929751295731
35.4466401288882,214.743812744061,1.05328306263044
16.7450597551373,190.292876705524,2.0206790035109
39.1779668133661,210.318740099437,1.36777963118078
119.593378211418,245.817557520901,0.676858858962764
0,191.578681155878,1.48764593987176
27.3962628542532,205.980052738216,1.59496794507047
26.7824906018733,178.456351675928,1.85014600126598
32.1718965338484,221.797468083337,1.05017261081157
24.155889587325,198.485624588995,0.967457399331347
0,139.569498040314,0.758811983772992
10.2905114930253,111.679739339606,1.88218065254656
0,68.2182234434542,3.73088176628442
29.8424532535523,110.855804605127,1.41883523835682
12.9586083658581,129.062042990356,1.49896676602349
0,74.8004769907399,1.76712825620926
19.5617357642699,66.9576380967738,2.07379130614114
11.3379254556163,58.2138276923143,1.9186526387919
0,120.669847684748,1.58630899448883
22.8812976877952,129.132366010127,2.54546620043132
33.7423700766918,150.532430295175,1.77783093618099
22.3258737789364,166.901631638034,1.08475568624977
18.391808385327,175.239836141515,1.21324663502174
19.1407293745358,154.865462119873,1.35886556964437
18.7679119284918,212.485660942802,1.56132895801857
33.9254497329441,186.164470020887,1.04529222375077
12.8198058387124,175.706181694886,1.47443608743049
20.9261357476314,188.209911559467,1.32039488389408
2.61005300782828,165.648100189652,1.86764525344635
0,134.466522283264,1.76108442128129
33.0907084291783,145.343104348743,1.0927342212962
0,79.1618539865549,2.63682214689574
90.908494486028,108.98124395528,1.11178363207375
117.323234188322,113.30339663335,3.94399449817639
93.6193091993379,160.381216455965,1.54289506486218
16.7492712394915,130.56614575141,0.991087152819841
0,119.288681980138,1.59164642762419
15.8387343250464,146.412311198664,1.206294216715
7.67435250211132,139.561148362765,0.381416326198692
51.6218600721599,94.6692541458637,3.72319229141666
58.3770841653878,115.671811150252,2.17268094328339
32.7692641892056,143.234790521087,1.36663217925348
17.3732514034353,150.424340709317,1.15290355039124
17.5638897923829,172.717412861545,1.19825072094749
9.61394199309762,181.782603515665,0.40088147173224
71.3729239811927,184.311573180393,2.4599170878213
9.91848951732744,168.344063405358,1.42374918096498
17.094053453584,155.591165988962,1.36841245069085
18.9500345633222,156.508874648115,1.06663780990442
166.005989733069,177.650053036965,1.59479442912116
36.654661365842,194.408528063159,1.2975687261339
8.74993841479667,160.723869081663,2.29836187310708
61.9386603460231,212.245536850342,1.31340383454259
27.8630157625586,210.397566670542,1.07715004716183
0,142.118503691711,1.29106978855723
7.8932754074257,165.209019991354,2.16986620477194
63.8455940508141,163.771379907719,1.1938436224275
20.5917236157814,151.606577303491,0.765435340960374
7.98049363070017,136.847516657062,0.882899615554279
1.31870108907527,126.755690900498,1.23939194425084
7.55017532423088,145.84994300371,0.23216142125791
32.9502580405236,99.5245659949371,3.7949509174818
55.106567389566,129.962960510048,1.57308017435311
1.71108650161911,137.660429169287,1.07370595547285
1.48958395473404,120.156476142724,0.296804598614584
0,100.093696537858,0.301346173632894
29.7881229405951,100.644024783938,3.8263811729193
2.88126996471076,65.8382063031742,3.61708534069319
18.657689946589,96.3719620725413,3.21170055426441
0,121.220688843449,2.83130531219797
34.4214832746384,170.251086024985,1.53080737341946
2.13079028401042,146.682481172507,1.75192397009807
0,117.751239898771,2.41220683647035
36.3538827252309,158.328432168296,1.90880065617395
30.7302209436428,147.278539627989,1.72585781588738
2.62156060448429,143.515650673751,2.02422105191197
207.4671848782,184.642199354918,1.99366335705986
44.7729449979975,207.59179966101,1.32628530335569
19.2957204937671,199.950751389993,0.880935548595079
2.07352485826137,152.455447689932,2.31358350482279
16.2554124906547,169.51127705884,0.687738115862444
114.56322289201,183.843270460444,2.70552793554923
33.5089307629794,183.36950117178,1.53160605755693
0,99.5898138793075,2.21122538044097
22.697108898148,131.049174462639,2.06982838052223
11.3593525345989,139.8234896703,2.26303321611189
55.7934379336988,183.404325239152,0.937901836071299
0,168.548081148896,0.79464362221384
42.7005576263462,127.830647770846,2.28648316286018
10.0845686077746,119.904393087594,2.6884714658307
8.06602041603782,147.911986713943,1.60958348330932
26.9393491404026,205.022377387788,1.42639962779147
0,175.304895058078,1.78477427978343
18.7017689044088,184.347409575305,0.651046569193751
13.6267585957088,154.210553690073,2.0855453621423
25.668442291459,145.534798691695,2.01318155087497
21.6657092867029,139.026207495291,1.69000235726136
17.834341657929,58.4524670377155,3.54602011319876
21.9304922076823,85.5152216268436,2.6577273051452
24.1642736138028,114.85031410049,1.96653509379008
0,143.663585471579,2.95681332185848
59.4734877367141,174.914811512711,0.961016173290991
5.72072667781052,161.412386785787,0.399996297450332
0,113.420772637174,1.87475380728481
21.2934062341024,114.984076312759,1.9658047748199
7.91710921888847,83.5492815443961,5.46391170808953
74.3693261449153,147.633394174968,1.95762145498127
0,94.7471088825308,2.32979984329368
9.40474402673567,126.281651657824,0.774016452548343
94.7664726084076,74.8174436003083,5.98445106202332
68.437482587183,94.579426948825,1.79044939636627
0,108.994026277683,0.991771276483104
108.033266028734,124.436475502033,2.56603039434048
28.4314804865348,154.618548684046,1.58178824961138
24.6603277139373,153.961480622161,1.3873340901104
0,103.492808965065,2.90964911365462
0,43.0182514106897,5.933333960867
0,36.4630931474514,4.82251992463251
0,25.1205704596165,14.9209338563215
7.66577249981673,78.6666233540454,2.75560027390459
21.8335381839218,108.539194262865,2.01926858283213
23.9988639695358,136.730086662436,1.49667680912897
14.6243659767728,162.536070355054,1.13516055105862
0,161.684095497491,1.89262804458603
0,0,Inf
21.5620724243904,27.345936346284,7.23898806366182
31.6547693821989,52.5451984000006,3.43742125196033
16.4031247291953,73.8259430123484,2.15206513030765
62.189034706056,107.491556738394,3.84689315573446
5.27152782424942,157.680056625553,0.720075704996365
1.17170142692976,145.801270295592,1.33899054412804
15.8541053352395,127.043380889632,2.41132576530757
15.0345222591815,111.087425146252,1.61591937400872
16.3744397347038,134.583682323879,1.77565205961473
0,123.194322615199,1.78295201302501
23.2557533873107,113.074421641529,2.12074900766968
9.84114833338087,117.609918974204,3.10108972558402
6.22821682141928,113.010577518014,0.5536065334296
61.8188563085998,121.058459980758,1.99331045290709
0,146.699636749883,0.937705151524715
1.56217034837626,104.037454679221,2.6049948727897
16.2939287428384,142.531006917662,2.14818399793382
5.58674856966837,133.246883560917,1.65378644203653
202.054030992406,130.239987315761,2.64821355790448
0,130.995453614522,1.35020741842881
6.87555787516952,117.769191840478,2.90123784376775
5.09596483426428,73.0959873675921,3.66684206341748
0.753774703907346,115.066709235415,2.08112584333197
4.58667520028029,139.740775761441,2.53134489813927
4.26044343245812,104.227785754419,2.80764638589151
40.8174029745901,145.424117547335,1.56252913653932
0,67.8266200570071,4.72443060268057
0,45.7774513533874,5.80540763673891
4.66448240740485,71.0695775867623,2.58588308716412
1.5959843736447,96.6571684847769,1.94229601758062
19.0062909873471,123.248718348342,1.69741545114369
12.9246005601762,112.454607233112,1.75857340949801
11.27981459653,138.859618875328,2.05353255261114
47.3918278079161,144.879998243499,1.60958905178012
0,119.244490508597,2.60713934005929
31.8884967976148,136.485778282812,1.53314681323228
0,96.2938103864626,4.65210559440658
103.000055917777,160.289378101547,1.64760865662425
198.591886931233,156.759189504476,1.9682959302244
3.25194586648884,172.467273475291,1.17439645347318
0,131.187525893089,1.7355577848085
28.4900046908095,163.713744726448,1.68879572533894
9.97040070237049,135.145186666,2.24346604323483
7.54889895008693,138.312692049782,1.52583044828351
17.2034345156924,167.383094616001,1.24005880053836
1.7629611819773,166.107156984736,1.29304203320143
21.0703435782504,128.585439184581,1.54876697067327
6.9611595606271,112.136196477568,2.34115160374739
0,96.4718855495778,2.08993683333933
12.3516771511693,99.8349726140655,1.17503980186841
116.574687846249,114.829028226751,1.12771170239194
87.7664228407632,116.674649806659,3.61067945829112
0,93.2866036941947,2.1498630647566
7.4511711343051,28.6504891026765,9.98558038216989
0,68.4562877868126,3.98733757911548
2.61041336526455,107.45033476097,1.79292706295795
12.881762763932,105.948445622804,1.91248943641135
0,61.6022904338017,4.48126935018438
34.0967970307179,101.038927008395,2.61078530964135
9.15248388242917,106.746159724229,2.48578894105128
0,108.84950639809,1.52040350681398
0,61.3659915896728,4.24692626263653
3.44957395530009,61.9975489975528,2.9389917541371
0,62.7682218057332,3.66105769747693
32.3693635536807,95.596519176993,2.14392505270038
20.0008402630081,120.251149014254,2.7002221480248
0,101.012066584337,2.2834312133785
0,59.5348476433555,2.82593850465001
0,50.618806580111,3.5797028409303
0,49.9203005775936,3.01553632216914
18.5816875484073,71.4255119497842,2.78292636497571
7.28632948560068,97.1669766338606,2.7080074760064
23.356982198591,132.609373667102,1.41722673183707
0,108.729916771379,1.78153521098785
38.981153414543,136.40222751652,1.91556007702696
0,82.9417500434626,2.2019958078921
20.2003608278664,85.521295592083,0.915034736146493
18.2356625704161,61.4004863131517,3.01235512137712
22.8509993954481,85.2182587174449,2.39617352242075
86.3091021653604,111.12493525603,3.21088114910961
3.2952054447365,115.383203317483,1.78736984348513
25.7258058964301,144.374239404575,0.572757162789593
17.5660331151035,156.074491649603,1.81916726492169
2.5037160868741,105.758573469424,2.18955183302062
24.1293411590388,138.481453799531,1.46184498985345
0,96.2469733656174,2.64205917577995
0,94.5227770996933,2.4626767844087
37.1682327196673,95.0540465926225,1.93932917072465
17.800041153525,81.1883987443899,2.42191764399248
0,52.456923438523,3.7208416101442
150.532229211651,80.3403382199809,3.00786020217679
0,66.4479649246954,3.1241359277338
23.7033028894821,70.5566649665563,3.16000568785096
8.66272696517217,99.021830640932,2.78718993431192
49.7363227140039,137.211819594414,1.39287021666666
0,150.062305385655,4.22296768552982
74.6674501754104,210.935989944753,1.28285652473533
7.81602260674048,172.27128686357,2.10734405676655
0,85.248723027545,1.95093065070499
7.31985942535752,108.05295309891,3.47715923959363
53.4865340771885,103.42289087631,2.07459684840237
18.1642696245586,126.433500788806,1.49599774029989
26.3887524472702,150.859209625048,0.878013235618706
1.26639094478769,166.011728241977,1.2825473010219
0,145.452975631071,0.493038038702206
11.4706986111798,103.069602062593,2.08771432515631
140.996057885693,132.170914363029,1.76349977234583
19.4339681561112,122.315635808284,1.35247309484466
0,103.593785262743,1.59645421757436
0,68.1301833419659,1.24076044964478
11.380428378701,59.3499831368728,5.1049633133748
37.5888361625214,101.006991448937,2.26040668529973
14.7654902648697,104.627749616575,1.93185963807501
2.01232516343614,107.745853416412,1.81526398976446
1.7763236934089,135.399402357814,1.09716273381423
146.72969207317,156.367810179858,1.40194860076851
132.369688028873,154.64733927928,1.44494130678354
1.30002122491783,98.7558449542536,2.20365441068049
16.353508054307,102.893430075252,2.06219693315596
24.0456799139725,130.869574059363,1.95023222822193
217.43930495754,163.895342789402,2.12786623085746
0,0,Inf
0,0,Inf
0,0,Inf
0,0,Inf
0,0,Inf
0,0,Inf
0.0336700473360557,24.8420322597713,8.47690517165329
0,0,Inf
18.8071800066844,34.151481308483,5.23826440227179
0,14.8070297324793,5.42174074135063
80.249471654908,26.2755834980469,3.15399027753707
4.01320957802763,26.6503639601248,2.91627026538928
0,0,Inf
0,0,Inf
0,0,Inf
0,0,Inf
0,65.7282457618585,6.08194081979771
0,57.1079001303919,2.92729038800235
0,80.989529720491,2.09638679357472
0,0,Inf
0,75.8032777665029,6.0185839526644
0,140.978762212908,3.58506259231458
7.18546467113135,137.378011120735,3.34109676289845
0,0,Inf
0,0,Inf
44.8981633563094,34.7536180833008,3.5352753915031
2.90746277518129,45.891539143198,11.8069320723418
0,30.5130585695356,0.0338236469262672
1.03128740664708,30.6604961294923,16.8935833733003
0,73.995203306197,4.50828979062015
0,0,Inf
0,0,Inf
186.506058765767,26.802740285165,8.66653028362217
2.77189525043673,63.6640101992225,1.65066217959742
104.817174986778,78.2805642830687,2.8260735917937
0,31.2464770101766,15.1048856316506
47.5917185612776,98.6714001002789,5.30123751518797
51.8114698697994,135.351895851023,4.00238326855389
0,205.340280629792,2.29421144929478
52.2862262360766,272.639426747259,1.62801225548186
23.045137073638,328.578584152404,1.5757592414583
74.4099748500362,399.252241788089,1.41481575113934
4.69834945748777,333.965829581273,0.917322780315693
0,239.772029237099,0.637380332697798
2.91883910914563,205.66515408435,0.937942476557972
20.2770851648844,92.0664763550882,5.8437010827521
55.4631455616143,166.028173840305,0.62538425631684
102.196298638235,172.93792533504,3.79796027934302
65.0336104095832,209.074919436725,2.8513239822098
21.1086926066507,284.947308216572,0.521569889960975
80.759799384464,310.338353158156,2.11589371808179
61.6891499674558,370.775095554721,0.329356532596068
4.52319458228422,352.267210558009,1.49911194757022
512.547895029489,427.062180486932,1.3894117074895
81.8486093274966,438.607508824797,1.35469486114489
79.7313284803305,361.44688870804,1.62082413819443
52.575874045796,357.876001844326,1.56202499757571
500.144392535316,430.223914253968,1.37735608285869
119.162183618991,455.889612565603,1.45930240942714
275.73257711874,515.690667257926,0.602641058894296
0.581919509479112,422.620167148325,1.23606460836904
414.606179001954,497.163583131978,0.917119765007489
74.2331566111051,503.071064493453,1.18493158647295
102.599353696303,424.184624067444,1.37598417565831
55.9198862925803,410.856240850809,0.243001935979216
90.3806253579557,417.130380228424,0.343579970293791
61.6658620142608,391.835361167871,1.51753381316618
264.474622845305,467.972153703895,0.867441556612705
80.7023351125331,488.181278077467,0.298624630572574
103.228737755478,422.935093337499,0.385636005587853
84.1197976107921,425.580506584898,0.333631994489206
26.4237855094529,359.294197680483,1.48024750496197
465.447596546736,431.497133988254,1.16003336608986
407.68405005327,436.511916309937,1.12719343962661
91.7521853289459,442.470948089284,1.12872770252277
211.550937630819,431.985955912551,0.652717451182742
65.6044864861465,442.045075121002,1.21226373626775
97.3659719412574,429.212739957621,1.34450621026221
514.214666777699,497.743200308395,1.22686236429465
68.1044037905019,511.521447846145,1.12225656050554
71.7604819634339,508.749335463211,0.249922931827944
1.48711640234802,402.465813204063,0.246848285055616
104.264930353524,424.012391249027,0.333728341774548
60.4059269829855,429.332394373295,0.234241048508237
98.9791744119049,435.069729120947,1.32627110342272
75.0462989089891,414.093712915068,1.26809792818462
51.2819119236941,410.090029302608,1.15220131770876
58.5341633502797,403.083405351064,1.27015434681219
0,306.463318829004,1.5847813391261
0,202.388482538115,0.188505591898033
4.81549578817421,207.838676922999,0.218219815059805
45.2292211841618,153.455057156463,3.08713351195583
439.687108342939,214.670346919699,2.49428491912697
103.520729297096,170.156742497348,3.42736642677146
505.380108492546,238.680853529793,2.35543305469028
153.101779019746,238.74413506915,0.908493995459278
91.2759702740791,247.85782566082,2.22570617491149
54.1973824409182,313.626786060727,0.289799975291061
85.1063253766027,318.86845069074,1.79907870509549
561.51912093054,388.663181260441,1.57695994930123
266.683745473381,396.004202644038,0.887466269872627
308.173606295314,408.112292229896,0.973378854903506
378.368278147818,420.837187856677,0.986185740226937
109.048115468451,356.691188809075,0.451439471864435
120.092819166381,364.11638401282,0.434617273160486
13.4193792951351,369.567591265152,0.153922020399705
56.5558050461267,375.776907126102,1.46422423543809
472.124584390312,446.300599909799,1.21893247907423
74.8130604530531,452.551458453538,1.1754703153118
90.0437714899093,434.599728390272,1.23502758976901
48.6303651701733,415.414537419405,1.25151853730538
51.3104642540594,407.702232087741,1.23391723951323
42.8393279934611,427.403743578244,0.244210785121609
76.0166509465665,430.74357572444,0.38195402774462
158.064726014286,443.387517542511,0.625860150509484
209.311708626787,404.73061505242,0.605385778499252
59.0277063171242,344.524715729428,1.52821827570433
488.83052139719,411.307752971204,1.40200791810815
251.401751315539,423.854353692305,0.725484283068173
109.580702293059,431.854116852653,1.22554554050669
36.400292151018,360.669641439884,0.235902133902546
9.60570540966161,367.624276568244,1.4460044503891
57.8392286363206,377.65574600711,0.340152029188356
73.582249142863,349.247520112474,0.429763878861455
72.4494979945452,360.177765795819,0.322158092605727
23.9777772001818,366.404149229137,1.35155020080155
435.494012114742,402.53189146697,1.43275169315985
89.1756885286131,422.708211029169,0.31660542832191
130.917143951315,423.894414867483,1.48751484830296
61.8748904862418,426.832637511873,1.3269916956608
258.397670692679,419.578495967427,0.725085865044618
98.885965956506,458.394403529415,1.20363018123364
51.301494850916,438.430060494894,0.240687104408765
4.15642481118175,429.019569506139,0.114316191217656
48.3637428964043,435.432063553653,1.19784356715475
59.5539662493281,337.783145583318,1.54393285003343
225.372294086851,403.777506783944,0.672010001250199
70.6785449116552,410.34468231992,1.23741245015546
83.976193201278,391.394794062883,1.21373279894184
0,207.850453396759,0.207342899317154
42.91671948073,214.007069915569,2.3930877311561
99.0422412951858,214.416056720577,3.00670945614308
598.016304330004,229.924266741918,3.10381167726669
0,173.59426344128,0.303323470107005
0.621879179657977,181.116436923806,1.12629504399712
4.40511573364621,136.98091929059,0.441602222866624
60.3342262982305,144.993199678503,3.63344622023172
7.08756100160682,111.22865860572,0.671794741339162
23.6233178674823,120.890839596566,4.2988916195348
515.317923564818,191.758453789812,2.9054835982637
161.372788236084,197.734613611225,1.04231485570654
200.518916235474,204.124461756695,3.39423883855222
76.7484450995253,266.934896810979,2.11832729150428
513.844173272135,336.750187078129,1.75892385801143
212.016527874716,347.960724930901,0.781169824782158
2.43942024404752,327.450899864699,1.41954949797562
48.1714341318933,393.507091331921,0.236201417624612
91.2884743216652,399.903591144213,1.29316804668442
84.6249993705144,399.525081067189,0.329410969755531
128.47876088109,406.236930356544,1.41241590917019
45.7654104308957,460.188569715263,0.235894003756353
37.9644966141511,398.291000345181,0.315322106881179
39.5332962550093,404.832763490412,0.221944945925035
88.4212873786582,412.020947711348,1.27037350071959
93.1231249270397,333.724585719577,1.7077456787952
43.3037814073881,382.08457695147,0.293382008803453
80.5959948613129,391.912142567392,0.402033465192299
17.1318048763672,336.851065652455,1.70157884947118
69.2803168560971,416.286329060981,0.275257872875987
112.403608589005,427.544894971693,1.40157817015063
217.426335993752,481.588569211349,0.520612653883813
43.3223654135277,181.057373145911,2.91545290471887
52.1992540434377,91.6403161557397,4.71714969825363
401.265755420967,138.870899713525,3.4869729485869
53.0348665962394,141.561740821834,0.678811384289926
89.4148905914814,147.713005772337,4.02982575097194
579.11441357912,219.976260604243,2.77442992566828
84.1528865842818,291.01562385832,0.441058937397823
126.418902874678,297.330217464153,1.99342837326146
236.051721329412,363.942730156491,0.767740419403647
70.7642555450566,370.137276293611,0.306719418592305
111.784683650685,376.246424099191,1.55256628237153
111.753687233441,381.519412032966,1.43083268446719
96.7778875662486,395.470361029295,1.43913814798823
180.381914815935,451.096829624105,0.506871814883768
109.561738700268,385.720226862152,1.53787453857899
58.9033916643249,450.353551209016,0.2706803508454
86.6155650346695,459.353332006359,0.489796020591894
192.102754138405,479.121027581741,1.23516474371144
54.281934170469,536.219691453364,0.949454895229785
130.458960119036,468.182739428511,1.12083329624619
94.2711525574747,518.443187458585,1.05575295353265
183.487762472981,515.688036826046,0.436885132596741
57.5602839610704,512.642843285218,0.197652171479908
95.5495355915493,518.894941457773,1.08699480367835
0,0,Inf
30.0923117994422,4.30039330499656,111.773889736686
34.8529761602827,139.40557278662,0.970787309938754
81.2801208908468,153.759884906007,0.809936211039426
0.419711363799919,159.939253148834,3.08001085248364
452.025051942725,230.252813730653,2.21353393949694
121.426640498201,238.488151718473,2.92923626365046
71.912490964983,320.939794856548,0.317766517055889
99.8515713809477,325.235713403865,2.26378538223524
366.446255988207,416.151753747232,1.04806540874971
39.3173279934739,357.441164243259,1.67525613244859
129.851138671822,366.631349003384,2.69890831221278
44.6616775998405,475.302169602387,1.03305983635531
298.924914877743,554.269397545434,0.810933672747173
103.021708843538,567.541317181205,1.12724135391564
58.3526243214795,557.470088915652,1.03521320538174
24.123933664795,450.775705290847,1.36026291742839
132.359533607218,412.1180318121,1.62419362664873
34.3780570629528,488.832309967674,0.215091869456217
18.1737435943263,498.94170973033,1.1401430795393
58.388917591607,507.450143993469,1.14153306872851
53.9378837763403,474.838684481712,1.27867322882659
56.9872204700233,477.194583930682,1.43385958689874
53.1467123731387,484.333772578504,1.39232331275759
74.740000577926,496.362707329179,0.222033597484668
108.494563964064,501.429735470265,1.10795102935994
42.7502227529151,476.516597672421,1.08922048295096
24.6848986799439,470.145056728136,0.285732047757153
9.88133809320531,406.77719687674,0.945140220175919
38.5376437951842,370.682531563923,1.24413173735237
150.622108781327,431.059711307582,1.20478782021718
155.781481231332,407.943218953219,0.698664650571058
91.6456705316112,426.405222566284,1.16572402024821
29.423851672073,326.646426114847,1.13527030983449
60.1505384074927,365.511057136306,0.882928826175866
34.9144914237132,387.356642722346,1.3205203128145
16.2101971534251,401.930595903682,1.1745749325542
455.760328888322,406.680188363111,1.2500710756376
152.423059201908,361.523821281806,1.53567640369436
53.6172803460029,342.681160917426,1.28296025863618
183.302449654163,397.828165273764,0.729121777881054
227.426814955078,413.079983773964,0.827005225480463
48.182681037228,380.620605553638,0.511996120739057
28.8458300342564,401.576833050722,1.28645893401544
19.6946752816288,18.7076617627421,17.2061752359684
37.8127399955118,61.8780376575047,15.5443590369885
0,193.883993922795,1.31219708074728
26.3855427566145,230.228852612669,1.12776778489306
0,244.843925188905,3.88233863130351
0,0,Inf
10.4194946135451,16.074098984918,3.541137407833
5.44559199466343,22.717113070512,7.13799788409962
0,0,Inf
0,0,Inf
0.813667136196982,0.994567407601704,131.718111603073
12.2753936375529,19.5929779297536,5.06814442188018
96.81616067171,32.0250705247749,3.67531044592987
11.4810665513465,35.00877274758,2.73419827268374
16.5376558840362,47.0430383795606,3.69615198669168
171.178519692592,69.5202617913591,2.61249703025406
0,71.0121129027617,1.59803921568627
113.15278276706,87.2235616466695,1.54470756488722
133.217345943506,90.3067206102347,1.88375566752946
16.1288881085152,95.5779278705238,0.773329743979196
5.03247900032351,84.2398594238643,1.44816963096361
121.147211104136,100.948591871573,1.35181231011931
1.13251377944421,75.6865797184897,3.18841918359673
3.46543697973527,86.0300807575474,2.98594642914029
5.66422686815789,97.6665194264873,2.15371859863312
209.801999409868,126.906801209977,1.81228835327464
2.11900086266926,102.639356464496,0.203784645450078
0,71.3104831250422,2.05020920502092
145.488390827131,92.196398684678,1.78191032594102
9.18490051280711,58.6794770485005,0.571780862520591
15.1083869003185,62.1604629751065,0.567854607015539
13.5175526925089,35.8044266736613,6.36642747694434
21.5415022180394,63.5528573457489,2.61751436068161
164.29762334813,84.2398594238643,2.38837143777517
198.066379951145,89.5110666841534,2.37609190373488
18.4859073111204,88.9143262395924,1.49985326919943
131.684138887421,105.32468846502,1.39568869471005
0.132401907761935,107.214366539464,2.42980635549433
257.808428576945,144.411187583767,1.85755266503269
6.36457899792861,122.33179113501,0.708900357932003
26.2650685659478,132.518349437148,0.923195019104107
1.98662435464091,118.196578767683,0.187622543394791
22.1328979121785,121.080824249728,0.51306780806229
27.5378509132934,126.793649276015,2.95709011081753
367.816639745562,157.824152393188,2.76759245157119
42.3734834288062,167.677908549394,1.09556180440367
180.133791140809,187.867626923709,1.15524023759009
10.3355106805387,154.450162028292,0.644862573698282
85.2326963021669,167.202107501598,0.572215598903684
3.77434683401272,157.21446268098,0.285278974994641
18.3968827192009,133.444301639299,1.16042070841451
153.64216825558,152.937822828292,1.17303529496351
33.6896263713258,150.550861050048,0.307476587795597
23.0027343403185,152.351038003482,0.89584473684094
135.651535729283,154.837456522486,1.10090541929425
168.728035423811,159.810293560494,1.38872623381234
50.2365807467732,129.168248581382,0.706924617184017
0,95.3314740669201,2.3369312337119
220.560243668315,127.157631110175,2.24417204033482
115.631030236022,136.415253507939,1.22470603764041
42.8736135849276,137.895527854717,1.416585441234
192.400629105373,140.183032892201,1.71517358364924
235.43653020737,143.365648596526,1.68105895693467
48.2448131747606,144.161302522608,0.36466527106722
25.6989173940908,142.979098038753,1.79632118571006
254.217164686199,154.814450189213,1.83094954071309
25.2546428886556,151.390960204441,1.91891094490534
2.30112757043716,153.579008501164,1.00321076085922
150.691368413089,175.260577986882,1.12596102384405
0,133.492178125166,1.49678127208199
196.162461787187,133.392721384406,1.79937017530914
23.2105336843173,138.244869656637,2.45422529358832
2.27624167324466,111.888833355192,1.42034377877566
157.335472778447,134.26660002623,1.3325546747177
83.9996770804595,137.349758989795,0.849808151459717
0,85.1349700907059,1.88084112149533
158.78769739756,108.010020465545,1.54746812287414
166.072836636694,102.937726686776,1.728308896198
17.2080595752136,59.4751309745819,4.08197415694698
8.10633084478968,77.9740847559736,2.01467614522388
155.732817274378,96.1746683150848,2.34315896019733
7.90883828334422,101.445875575374,0.629438318304621
49.0862433933941,109.438030295054,0.813386165326303
18.0747234422489,115.14219263922,2.1887352434205
60.4528755792929,150.551477681841,1.81658272969954
25.8464437863459,178.100994872408,1.07546492949133
189.870165142534,169.547715167034,1.26357979178732
211.211812830948,173.02870109364,1.49830298083212
126.347186403531,179.891216206091,0.768145001564077
7.55915300953909,169.348801685513,NaN
NaN,NaN,NaN
NaN,NaN,NaN
NaN,NaN,NaN
NaN,NaN,NaN
NaN,NaN,NaN
18.2011347311611,NaN,NaN
241.879406289146,NaN,NaN
247.481885877288,NaN,NaN
10.878109650164,NaN,NaN
NaN,NaN,NaN
NaN,NaN,NaN
NaN,NaN,NaN
NaN,NaN,NaN
0,NaN,NaN
NaN,NaN,NaN
NaN,NaN,NaN
NaN,NaN,NaN
NaN,NaN,NaN
NaN,NaN,NaN
24.194132170559,NaN,NaN
172.850874374284,NaN,NaN
189.523362604612,NaN,NaN
3.32150800732547,NaN,NaN
1.67120357663255,NaN,NaN
7.30999698902934,NaN,NaN
0,58.4888980418559,0.202352113763379
3.35649257772989,60.1796626347788,1.0099321223813
8.67192238658061,59.4817547935165,3.21233940733639
189.12848741501,61.1725193864394,3.75181415553266
80.9921631668775,61.9681733125208,1.70021252880519
28.3402096781127,65.4491592391268,1.53928206447134
99.7159785814381,75.7926602781845,2.07804217961235
NaN,NaN,NaN
NaN,NaN,NaN
0,NaN,NaN
234.711020442873,NaN,NaN
17.3407718918666,NaN,NaN
NaN,NaN,NaN
NaN,NaN,NaN
NaN,NaN,NaN
4.63002578798563,NaN,NaN
87.374815711132,NaN,NaN
232.291508655027,NaN,NaN
273.093181483878,NaN,NaN
0.579358259858882,NaN,NaN
160.92085828214,NaN,NaN
183.95215831103,NaN,NaN
73.2930813420568,NaN,NaN
0.632510402647121,141.583930814178,0.815806181650929
114.41745320192,124.377914662669,1.33412789051603
170.623673297726,133.030651108803,1.45529003127997
0.273353778231953,89.4685986558488,1.26365338787917
112.296270985967,99.0164457688252,1.65442075230811
160.14107961184,103.491999103033,1.77609656307599
17.8253668242779,106.873528288879,2.13132689664921
24.115902457885,136.867393797109,2.52623354974398
15.1155748971477,133.329419158047,0.327457059147336
43.1373695036438,137.407145529214,0.536871975424976
0,113.438071006013,2.09280039839485
0,42.3685715638326,3.30281690140845
138.385555870585,53.9055534920124,3.09670580589604
1.44241867293401,57.9832798631794,3.16369807115558
0,55.1332176629337,NaN
0,NaN,NaN
3.41551857557893,0.956579905468357,119.799205710974
10.5174108385894,16.8397219481268,8.59416460074355
144.19540996919,36.0119978644649,5.55605934403208
0,0,Inf
0,0,Inf
149.034566923533,21.6815694857172,7.70865291149635
0,27.5495171905672,0.246235740072202
88.6081574095661,25.393124244745,12.4413625225884
0,57.8669680876644,2.99905322548165
0,69.9313301942403,2.88616511522397
3.58658198892542,98.7646681467867,1.12764646015459
0,0,Inf
20.3386781590813,24.415051521388,6.16174478503468
0,0,Inf
14.8186801995229,17.9502985088852,11.9440629203581
0,0,Inf
0,46.1345731228185,3.05833553469293
0,67.851794246593,2.02928012379967
46.2462963352504,103.313109578652,4.08721802135769
0,90.7388082583642,1.70078874193353
20.8130349786853,111.224808263403,2.64616091627398
24.1808168955148,150.297051915975,1.92210181912989
23.0417849061663,120.812048894133,0.997080560051277
114.827715075402,134.728843246438,1.28933310459513
8.86951084918596,143.140649341587,1.71323133756373
30.1150208582009,176.906868667593,1.48611092621911
0,111.228231593248,2.34067274748517
22.7879096727672,148.420930227718,1.86822062485971
26.1966036039073,184.777377847649,0.865357273489843
156.160797086997,203.877641318069,1.59944625718578
69.1182393185049,208.725309165026,1.28812783232451
0,147.910265268079,1.56900662371824
1.12129952023502,153.771964495085,1.65015317062228
0,115.500273373428,1.21173141240031
12.5025462011055,70.5601685001291,3.21136679509338
0,86.6676200868507,1.17743344724996
0,51.4358732541976,4.45667582911262
32.4580048098313,61.7113948902448,2.26175267911246
11.9729596213781,82.7600807752478,2.78411831817105
0,56.3514325786416,3.02810278840897
15.9575355545984,80.7282797389593,2.95748956996197
0,31.8279299677637,4.20031923040519
0,0,Inf
0,22.4985345409599,7.3199576392397
0,0,Inf
0,0,Inf
73.8695395036882,12.7532456179461,19.0190753382964
0,0,Inf
0,0,Inf
0,0,Inf
0,0,Inf
41.2501967098038,6.06972813502796,12.6783420085298
0,0,Inf
3.01507113833493,19.3607104050276,6.96700254320912
0,0,Inf
22.363771359463,32.4416645423764,8.13633037546452
0,66.9548544405627,6.32428010471204
0,60.4916076931917,6.40981075697211
0,0,Inf
410.284610074786,68.5748562831358,8.48373402243169
0,51.1575017645211,5.16965716313887
25.0378751387706,58.495943326747,2.33105105444729
13.3512325852722,74.3986797887373,4.93988967457945
36.8793819020349,124.994399432374,1.65437707481258
0,0,Inf
0,25.7746612026306,9.4225248103364
29.3443578438592,102.617187701121,2.78088339410152
0,113.417108696145,3.52579364600261
40.6893739333292,135.848956771724,3.17821473373046
0,112.993300461333,1.29054099089764
0,0,Inf
0,31.5682772456797,6.33646629750089
2.2994886134808,60.1441807938817,3.235482714446
17.5641688603504,80.9182060787602,3.88780462109927
0,0,Inf
0,21.1187956802288,7.6561691532611
0,0,Inf
37.8392398291253,5.51106809096176,32.1601331102513
0,55.9922063290201,3.92674456400869
16.8753327986771,50.7051134897691,3.08503085158715
13.4397249187062,70.6410430112674,2.94635891020136
20.158154013889,98.4544918089045,2.14855607225033
20.0906611968831,106.498511752248,2.26723641524715
20.2923948409332,138.122317869025,1.33327855426028
8.93397569818782,161.531336360247,1.41073285654692
59.9721493994132,192.80899176984,2.56866931966784
12.9513200130092,222.791912911652,0.905839303553791
105.987581907171,221.958800002057,3.94055820039399
16.0764088465877,304.426963628928,0.585707880182649
5.25220251539709,272.569690833921,0.0247763777705605
6.65749031934064,272.784131850137,0.239784737067442
0.680227319037541,187.715274825781,0.187513560681902
5.12764628562879,173.502457411678,0.544212754070106
9.02431992848231,159.278493509394,1.54471918743796
21.7297663924863,83.3302417309865,1.10073677348881
0.826574990462014,70.1539606357822,1.57680775835601
4.43228595082342,77.2310558205562,0.8508350399386
5.52223957437096,81.053865856961,0.546644355015477
10.6940169178931,86.5946370924636,2.05140855165833
17.3563434792518,97.6878311268957,1.04135203394103
54.091308513613,75.8813815575153,0.955431406154048
10.623451207463,78.511116781629,1.26412065254633
7.25083749898373,81.172427916793,15.1005183661018
146.029374923912,239.55845172539,0.924605330708001
39.7250644511936,227.345636494141,1.37123200823676
190.156064534977,266.205429243074,1.38698819419192
18.3547739471319,289.680769338974,0.531557018057758
12.9686152105146,134.98536518351,1.18068641026053
6.67626415580346,145.119525824677,0.338566264845963
1.40896481586868,127.381666356094,0.0922574240215315
1.33793402184643,64.4183331121259,10.001967007331
0.7650686212627,115.570438194343,0.0933096486753861
2.71030144683219,117.001690817759,1.88197767607156
11.5937309534139,146.593309267059,7.20942806855555
205.638376492355,204.06303485364,1.73019092970848
1.41243541478167,204.387214787637,0.66900735196544
4.49745978385055,222.21671058054,0.264066897328943
1.84692516014985,198.012038346567,0.525198406369951
11.3950991312287,212.604707178214,0.650229598490754
76.9398399754603,81.4027909947197,7.70471672569693
87.8585844034047,138.947929540401,1.36520290237826
4.77407518657235,153.49557700963,0.886344829399279
17.2185744411888,152.917265853299,1.76224172762343
20.4137597723009,188.954210470382,0.252281347932921
6.08701347419023,185.10753127452,1.1261230495496
36.9922622264112,228.705908629148,0.745876691058446
9.36487908672338,118.008236116895,0.793180663797947
85.0240708463016,130.042089255481,1.26588185300541
15.6148520815679,92.490876802615,1.05893060874296
51.8910704709627,104.251815144643,11.4315235163348
231.10592547764,240.96610514336,1.2746337213802
294.121648088621,251.828619121608,1.53874403434395
40.7666907693452,265.168353016154,0.852016119888412
23.0461597100262,262.082343264905,1.03355619545072
14.0008798588919,291.242522956047,0.216965871446744
0.623457130630509,279.054665408491,0.553128310095252
0,90.8442966688453,1.53714112511752
0,19.9486434845798,59.1781874375215
0,0,Inf
3.44869690226599,9.65747410754975,129.129429808736
0,187.316820964445,0.933810187718412
8.76364666472885,24.9883365353749,49.202782306638
272.221531820289,199.378627405422,1.87877625742438
34.4363943030553,214.002384489262,0.688957433502739
0,230.145547243281,0.53931419801715
11.9941046562576,222.888748027725,0.528915105391964
0,0,Inf
5.13558129561873,14.5654992667062,71.7344891646831
0,163.095937556723,0.379096183356097
0,0,Inf
232.942997698,154.085395173369,2.43283619434669
35.3637878539138,174.359899273366,1.73266381008419
0,58.3806897495652,9.82013719941946
0,81.9009118767817,2.25887290218861
117.536755550254,108.330019091496,2.94222591653562
6.31998549603933,137.072109685717,0.591833062314696
10.3965234408052,147.758369819601,0.814102424249323
0,81.556589890314,2.18552026053067
17.3872736551375,107.019958402467,1.10530203232057
0,14.4145862665675,8.38317757009346
0,17.2628623245808,3.64740689175078
0,16.217609103597,6.80537753867583
1.22574395515792,15.7667075320919,9.58602175050371
15.8870637885227,37.1830300151357,1.11795316400293
0,25.08515423506,23.9863599660908
59.8719222546166,89.6261945073102,5.31139355208739
0,145.409944090957,1.09550989755696
74.3156727904118,168.166805941649,1.41449417584493
26.5889069122667,191.53184805372,5.25600199406488
0,140.014695483574,4.47153652392947
0,89.4401178202378,7.36169529150602
12.0809468547786,94.0615563184269,0.876911352816714
0,0,Inf
0,28.0070319478438,4.31680850203814
0,45.2786024663161,4.76332906372487
0,0,Inf
11.9387011520501,14.7666585455986,12.9044731919939
18.224572205576,40.2834082863063,2.97552429631183
0,54.8033636989602,2.40050466288805
1.14751327505047,18.7936757287577,6.48137949427388
0,36.0310230452366,8.70181747873163
0,0,Inf
40.8521695545919,14.7513321243496,12.7112348252487
0,85.3162655210059,0.91257129558937
62.9476931149218,96.4387190869131,6.46255255105082
60.1597802407987,216.585060633587,2.55355087403715
63.4521985733686,286.999516439799,1.54317476841772
4.38836645416836,341.204975546172,1.54193616460116
10.074649784779,415.737536243648,0.732872906368468
203.543714439254,457.824411484872,3.14951074970855
257.438059872447,543.571471357688,0.976897221431745
251.500181133737,540.757418501668,1.50661614017312
10.2720125803374,467.27750428179,0.43929912420445
200.284413481924,495.135016540518,0.72495811318474
4.44018381521433,437.630371096432,0.895439991591389
92.9280799268355,450.890860426566,0.452242302968478
10.3513045797717,170.293085644123,4.44216131463794
150.220648920992,276.881378875392,0.917155392456887
108.789119350824,291.698893273316,1.12950749979817
31.5714547494327,272.701271643621,2.49388124542457
125.344342771954,340.652701889577,1.67928765468896
74.0556462032281,380.595097303094,0.98505799791979
15.5012981449566,423.574039926558,1.78495367637409
50.0297731338866,458.165946849295,1.21276557427689
5.00864291560733,408.991298435947,1.28833154645787
0,252.583515033669,1.29684019490251
222.665138525948,299.37786572873,2.65195342204947
41.883829312817,275.193905063108,2.23996679129436
79.10063562461,384.23250989155,0.895687792283134
45.7807938100078,417.96744345343,1.2174759319257
0,75.2103194280468,2.23194079240638
24.1445072192065,33.0361010020913,7.60117336943348
0,0,Inf
0,0,Inf
1.10298239020526,48.9188966473554,7.28896906053565
3.27731932238165,99.6996597541996,2.3249893419413
0,111.557167356263,2.11361812013449
2.46427890793452,117.111131300613,2.06923786758079
134.579979567505,151.37777539983,1.48740774356315
1.41239438752241,113.537083116638,1.84943048243061
0,110.686114689972,1.85381804231747
2.02208815785783,106.315066988717,2.43463879764602
0,66.0012307362141,3.99666196782218
0,74.3716153457273,3.58733456390635
2.52711973408872,75.7972107165941,3.42619862295398
0,74.8521493643049,3.48224500585101
0,73.9746717925605,3.78832265955816
0,0,Inf
0,25.304345622268,7.94534009242501
1.89248788586563,28.7216616835979,8.4678845210543
3.45540149796551,49.0038432346783,1.07935827160247
14.683455269612,56.0663149543491,0.98971047618607
42.0165239052987,27.421563168381,5.59670514546472
5.04933903945193,43.3435459935045,5.69938392007963
73.2173157140574,77.9124274270988,1.50052736755962
10.5389438972023,84.1542008432855,2.73981504084844
86.0855999132369,115.586772460973,1.16064047159293
102.935533308559,122.453784773226,1.14868887129995
35.0181109638467,127.843179988798,1.51738117248997
32.7242658449555,150.552997614856,1.43060285979447
1.31766694526996,120.306365725182,2.22944348117421
0,108.503981144125,1.94177198072384
11.1863646088077,89.7988359879481,0.317370923960692
5.35200566723223,92.2721466935599,2.18966926927673
0,0,Inf
0,12.8379170500984,15.657979271471
1.83194686461472,28.7165484370436,1.04212121228886
29.8906698983328,32.7300023520934,13.0956324228822
0,89.6913466527725,1.21711520229029
108.80802278139,105.286304013484,1.94592082394412
7.44609005967688,119.010702395563,1.68945921881643
222.148893512682,149.892377275784,1.53594817079312
2.27294744757154,94.4759559584959,0.704624428732932
61.8805985955951,103.661258679736,0.733635102982571
0.124686235705824,76.3660371642616,1.298534538814
194.589434016899,104.503677165323,2.32968590893589
0,79.4496138461381,1.93421904422524
0,68.2819721302867,0.567319424283117
32.4110763606731,73.8159277185539,0.622483649309068
6.09850221233598,64.5405095846695,1.54367488258117
75.4864430130342,77.9020897764563,1.44165949713648
8.02687971655842,58.2712802576365,1.47312781706966
0,21.3444918700121,4.81804518482951
8.15109953295089,25.8075557777389,5.58036644770642
109.291866076856,45.2167727529467,10.3922921744077
52.1451283620254,87.6530843029111,1.01662391397258
16.9482755495452,92.9338119134495,1.12188166690893
0,169.24056876494,1.69982049602996
0,124.720753748862,0.968186784882239
120.71228526771,141.971180260319,1.35358164351315
20.789785849026,152.179365723255,0.817586812888219
0,83.3598468753098,1.30662880689583
8.17487689150248,85.3601266958749,0.641308174020463
47.5390861223974,92.0125938521584,1.04364098798661
21.1685733591406,98.9395978853984,2.22167063309292
218.23709636204,110.066689332923,2.30249956625225
2.41790140493772,105.08381944993,1.35734623737705
44.9455512406226,116.668235222977,0.731606399596504
27.583828031272,94.9038791163302,1.89930566728746
178.792724224959,116.71354303375,1.90851491316418
1.91506859880156,109.413616590395,0.977046000878693
106.477677106524,124.411769152184,1.3783573881121
0,85.2912423721848,1.87781033925948
1.55698321117762,88.1403211207762,2.78846497821464
212.509168777642,123.028780464019,2.54108728547751
3.74039850351886,96.3558521699655,1.7099945464252
0,95.0750394868612,1.81364358051625
172.074665707015,119.708215920101,1.80313459450525
2.00626533171116,103.081727761564,0.987621419726609
62.4020348908743,24.7003648306576,6.28654969730097
17.0837482368578,37.9686557104461,2.94972296031779
0,51.527693893967,2.35027411949846
0,0,Inf
234.748955895189,34.6216531209971,9.87968699704563
0,49.9505303010756,3.12418621467411
0,72.2440671842588,2.37419046168516
166.105313761208,96.747092216003,3.16929402585101
31.7424472686577,82.1989630403527,1.90685255992273
0,0,Inf
0,0,Inf
0,0,Inf
0,0,Inf
0,5.3777025545928,9.38287248359881
0,0,Inf
221.850057718271,31.8631421176895,11.9750500816187
0,0,Inf
194.784914682278,27.837518245553,14.2644417099736
348.559270478992,56.7377670572299,7.75960292813794
0,69.8382346164153,4.90281664324556
342.302113871706,118.753100189594,3.79095462585043
1.10498005628135,145.441694165885,1.71636680071977
248.079370254203,152.045204675706,2.08235428597785
0,148.735110454325,2.91552222713391
433.476731672453,210.683756237868,2.25443550586593
22.5386126544333,152.284706132302,0.886172789291955
13.6805670305682,147.149414528967,0.929007275560173
135.945470211592,164.724030194861,1.10915166707527
0,108.18992166817,2.14072657571417
0,39.7662147179832,1.36149942700455
0.486485553051514,40.8209598703087,1.98917987856964
79.4270351830141,52.3514950767181,4.761118510172
0,43.5257231513523,5.41202427441993
0,33.6517528938286,14.4501371242668
0,0,Inf
135.149430624833,21.1394019172958,13.8185482166477
1.56174025572762,43.5631753516407,5.11391339729902
47.3131770601707,138.959488796972,1.39272125550346
183.494602598712,159.847868317153,2.29316306108301
23.2332082355223,154.397305262172,1.14999826505535
116.848305480086,176.443508825772,1.45989484095994
61.3762510418008,196.549317793705,0.870367369106577
14.0365092030039,212.219869448847,1.02458163371882
20.7816558586823,223.870892967577,0.690498185708881
26.2934889016347,210.676916822386,0.165628822634962
34.7136476367938,211.905585506389,1.39512503822197
29.4336594595985,202.13985113238,0.85359257368756
160.694446718027,222.584339177139,1.47137424667828
29.5143353955501,224.368195279414,0.429269644065082
28.9811096525473,212.30046726659,1.36636017928226
276.256909695252,249.600152247095,1.77878733241438
41.1929221539108,244.504239096537,0.239146302658543
0,206.764515145587,1.25324422204621
2.28990867718862,148.286159518252,1.80360663932556
0,0,Inf
22.3421552373216,12.963801164253,2.51975483504518
1.86882999032451,14.4385790823772,23.1745865090392
0,61.9727605140672,3.36591001729589
18.0566116778447,78.8082072660682,1.16400129878071
10.113269095907,87.8586070528637,1.81365602164743
0,0,Inf
0,0,Inf
64.1028912196723,9.52474555789514,22.8589489322659
0,31.4708571409065,6.35338111392227
23.3800145308556,60.0346213406181,2.83634392225276
16.4401155530417,81.0201668882399,1.61068885809644
4.17413551210273,6.080593916472,17.1263450429528
0,0,Inf
174.002728711244,24.8699921803902,11.1962185844364
204.20449638207,39.7910121709085,9.94560474912912
0,0,Inf
22.0154893255932,31.6079746202824,4.07022624838352
1.04278590802853,46.8417058534424,5.10128236083472
27.6505140555395,80.8288461268061,2.61095951927883
0,47.0072660357065,0.0425954742916424
0,3.29761815527107,23.6275791426556
2.08721439579855,11.1306762779893,21.8429984937123
135.169924323048,45.5649806748922,6.18770194440332
0,0,Inf
38.8781611752463,35.4522503546296,4.31518962374621
105.981877148617,51.7529677394159,3.3413706764472
26.1947231792963,61.3163922644138,1.84229614703191
59.9635729998956,73.7118536986039,1.52624744960838
24.020175300782,81.2174188005331,1.24003164487421
0,92.1734179615161,1.49304428160121
19.7232660793536,111.833274333385,4.79238829652828
5.55517269435154,150.127482407097,2.5777071461732
0,10.1769793747937,35.4730355464262
0,0,Inf
18.9995833404046,38.459673010106,1.20370788228953
12.0462440330886,42.35890561184,0.709161056087861
0,6.46966720249538,NaN
0,NaN,NaN
0,0,Inf
0,21.2741138669616,7.83318066496788
0,0,Inf
0,0,Inf
3.67202885210202,9.69219427528326,22.4202028694598
4.85711808057098,40.2106132824212,1.75943999251077
2.85252310858304,49.6236194326934,2.75325296112512
0,0,Inf
206.549651384145,35.0645120347298,8.9355503950982
50.2790113397629,50.317521032117,5.05886038311731
0,0,Inf
50.0767534064629,62.6604257948616,5.00999042183605
0,100.353480031142,3.80216147384129
0,180.094233521377,1.57208464738236
25.4665924995744,220.540430607242,0.696772942822146
0,0,Inf
0,0,Inf
1.28584478441498,0.356897592676112,15.538075079044
0,0,Inf
0,0,Inf
0,48.4555976043921,4.79859899189814
0,81.6725950067147,1.15139850128556
0,95.1065526476909,4.43867413743431
0,106.957668691562,2.38885465804491
0,36.5009035810659,6.25439484881332
0,32.6130090477786,7.89406307037112
0,43.8638216093506,0.528356971996558
0,0,Inf
114.442151426483,40.1169206813927,3.44597345241988
0,0,Inf
0,0,Inf
0,0,Inf
0,0,Inf
0,6.37248556979901,7.41327547789375
4.47802565391166,13.1211985709165,3.70145489940154
0,0,Inf
0,0,Inf
0,0,Inf
61.9750975159818,81.5246831941015,3.5816650330854
289.853453805709,114.384541710344,4.67118046125439
58.0268342738006,149.307024924799,4.98168242510936
74.8528629945466,247.274646030433,1.30941703189763
24.5389796731238,282.836470326741,0.797507840144359
224.294624502068,311.554373596914,1.08143258626098
24.1773422341152,327.644434668023,4.67064136276038
0,461.281509560292,0.768822389667586
354.55106169254,511.944874201666,0.904896759528623
58.0552034795612,527.474330777357,0.534277889857491
279.849494020129,559.440426337665,0.735217317697155
41.3626794594399,510.438198270282,0.63617278529602
320.050642382757,452.951178715455,0.84994404686729
33.4931569606002,426.665428060284,1.38118950690247
584.461618666301,506.067235950901,1.34151389027003
69.2084675155117,519.5578942041,0.889065677247625
31.1100143850201,530.851733229162,1.98886171566849
89.6899325606681,462.07292864718,0.573699071137878
151.126437749898,487.130196847491,0.592618857375228
63.2726502819651,506.781068690181,0.96803832969898
472.733525601601,567.825475686745,1.03029795308032
67.3036013278172,517.674925856153,1.4063005544963
717.43586074141,561.314850054319,1.46342704291485
80.4273941913132,535.692458563194,0.313367931107146
163.441998645574,538.908019673247,0.40534049475553
213.915195473045,546.765054627033,0.450398769199115
206.145746669306,551.386070651613,0.592432710318061
41.4994591365011,568.602270308535,0.642169934273573
355.707156529249,535.434722905823,1.05339278981348
547.126236604668,565.194140048041,1.08428549592914
61.4061421868585,504.988188690436,0.939272962920966
36.6402311754775,563.976132982507,2.10343080080864
67.7214196457668,556.770845257932,0.319835951025964
140.849731717443,552.884818151075,0.426457912393233
40.1196056692298,566.446585811815,0.726886895670117
402.20749887316,542.44890666513,0.900092126638476
54.9191897044091,460.355129117595,1.3562786723051
619.040087211198,526.847012429919,1.41561895686403
77.2004775714134,544.957659708744,0.564955891337108
299.149498844649,565.419819644743,0.584211069676686
327.849531542892,569.873393759943,0.714785377979887
39.7662740425575,505.300259439106,1.44244083679762
715.927741040287,564.597111323072,1.51720679987005
7.68575736862939,525.706714951867,2.40315279082727
92.3743233339873,612.895584934238,0.753670198087017
454.117368893621,665.687986872817,0.928625702398142
139.123154955222,665.278967422936,0.663191720075545
429.493674889338,708.433874248661,0.768208897252347
53.9402154945263,648.805082609605,0.409684800460299
263.703550581233,679.071563368464,0.645949960474116
38.0985960558179,646.288113574363,0.642548554325557
35.4249928568825,636.138488316696,0.694095362052409
421.772744368294,528.137224368544,1.06749549103396
500.616537869843,548.424561696017,1.25398698243915
73.5756121111249,575.153236459854,1.91051866132735
99.8240758833323,591.474714628485,0.540156681392025
313.057639304423,599.418620000419,1.18829855984991
67.639028679634,656.451569084604,1.14108401288275
730.989305219037,605.944719083744,1.3752762653284
97.2930914159462,577.411538692008,0.505510543464232
284.973244979197,605.210757164975,0.670820784650207
40.2334080125127,606.108354250335,0.444254044583014
267.834502086367,608.560827751297,0.732630552979925
425.751470903013,608.999835570621,0.824775701604371
55.025152271499,553.70523968841,2.8141939492307
32.7249316048284,589.22639482616,0.756426874789664
428.239848847742,616.843081351791,0.964631709343583
67.3409445998105,583.636781855235,1.22397528264352
702.845712079272,578.720880197806,1.43882149871504
88.3089720365276,554.84712559151,0.670436019963668
364.343171621296,578.085099378992,1.02635618135305
56.8265624518267,552.646472233947,1.33749456798347
722.982549357304,639.189086008177,1.33476999640138
92.0822216864504,657.787352390125,0.758022845154501
21.2375296116996,455.449798702728,0.918255881292817
44.3245179761859,512.161502514258,2.31609467570073
39.1473405886525,555.624098226452,0.338299144709346
55.5742147108797,457.82011228741,1.74106559407227
80.26755183372,505.675114057135,0.7325864998616
330.040752773957,547.129858348636,0.935179125079215
50.8231474164183,584.125797676934,0.732977944751155
410.121632361608,581.318119471254,1.03785413519709
381.485979306313,608.918374013629,0.791448788416331
93.0808979916611,623.267192592374,2.17159488858746
166.229850750749,640.197612673835,0.352772545060463
0,402.434003951783,3.71068828431353
19.7184363695129,522.448882564888,0.377648222691275
196.193770316051,524.398948177797,0.530635047789543
270.307223268632,501.756387303598,0.717782198914563
275.678103349372,514.591327264965,0.689704300822289
38.9350738390927,441.205364297617,1.91666005503593
101.000680827434,556.449024865863,0.570417984026301
310.783260607469,545.389615468587,0.824382067657272
38.6322147157402,440.569035746027,0.418388760814887
173.09735196691,461.382881203663,0.601620454821255
23.0170360337851,476.308599327888,0.35823627621087
175.759128743924,499.313375886327,0.394315883190352
195.194775734863,502.331671037392,0.664231182717325
199.3173919486,522.113040213774,0.703232677918058
66.9800054448137,546.091548713326,2.01847407410027
34.745753639978,475.679062662711,0.584875379335473
308.758349262425,510.399706349505,0.78158185409157
4.19457770008654,365.801074520249,0.663937728483768
25.7763356431134,366.187883406096,1.32680099308502
477.756987952692,416.98818124127,1.49411964866706
55.2283719949205,416.65379038201,2.9581091691656
136.977559945831,536.141270799194,0.892554359767523
45.8639424937266,413.210043797808,0.714808570655742
252.786001670025,448.853206411234,0.736722105401872
40.9462866934836,451.695556101584,NaN
NaN,NaN,NaN
NaN,NaN,NaN
NaN,NaN,NaN
NaN,NaN,NaN
NaN,NaN,NaN
87.3548152337356,NaN,NaN
117.076716396223,NaN,NaN
338.413520269993,NaN,NaN
54.8420300094218,NaN,NaN
623.393979196243,NaN,NaN
77.7860681303683,NaN,NaN
333.004988524382,NaN,NaN
37.5138201592428,NaN,NaN
72.6054211922485,572.162793520409,NaN
NaN,NaN,NaN
NaN,NaN,NaN
0,NaN,NaN
NaN,NaN,NaN
NaN,NaN,NaN
93.2280259262203,NaN,NaN
56.5823126350169,NaN,NaN
NaN,NaN,NaN
48.1063046114031,NaN,NaN
79.1646212385285,NaN,NaN
NaN,NaN,NaN
NaN,NaN,NaN
26.0772137518087,NaN,NaN
118.706330470047,NaN,NaN
NaN,NaN,NaN
22.3929530001746,NaN,NaN
34.0699747499844,NaN,NaN
42.0555558553859,NaN,NaN
44.5140323165619,NaN,NaN
NaN,NaN,NaN
70.061917283391,NaN,NaN
29.9157073086155,NaN,NaN
46.1990162795095,NaN,NaN
258.347349114124,NaN,NaN
61.5965397828898,NaN,NaN
571.755080558886,NaN,NaN
503.689086613284,NaN,NaN
73.6892132536517,368.124077686473,0.22592235664885
7.08096965212818,369.478112817396,2.06778262777787
72.792866042389,426.99744860596,0.838217988124441
33.7597883217927,382.221800498415,1.58554150041674
5.36330787843675,285.223584244971,1.7969024019653
4.72529050435248,239.857659588243,3.27185266317522
82.4869792670596,310.56188180825,1.09596442200584
18.6865056332344,302.479400044191,1.35540925050447
48.0978713930905,358.378953083292,2.94725532390119
0,348.194957593981,1.1258376071502
289.281700421753,404.196525862463,2.10072516520682
152.452516785591,484.171399169133,0.879131923524526
319.08371411069,523.199687266495,1.2205003934527
79.878705106378,457.403698445063,1.8292488313671
83.8671055305189,528.682081546675,2.79848596922615
117.028273676079,728.059550383692,0.612523308389671
32.5585408211095,575.129820883714,0.651640000736861
46.5554975582599,624.018257467049,1.25055406730157
769.636043269134,728.848696379563,1.09105747887106
85.7541203608881,732.502950362594,0.356696889623177
244.800855332043,757.578293744486,0.529599659946517
41.9471706362281,604.918185703101,0.594021631324893
347.393366529622,650.259230967847,0.895589151365196
45.4476264952037,399.874284373436,1.27934248414607
0,292.918861386253,0.857957204237036
32.0582063492871,328.820553869573,0.916320920669753
187.978964060884,288.375965748736,2.65516723419261
118.231261657988,370.905601652137,1.38821799643858
42.4375186425306,358.388812273245,2.31088512848901
74.9453954116125,404.05014427829,1.09132126569817
165.853506681372,415.842283195591,0.682212007939253
52.9134138480381,432.676439241811,2.48641044583026
137.928564131499,578.804697005731,1.97172476024719
0,0,Inf
103.012536238924,111.850456025877,3.52646792597771
0,153.48252880335,0.594161610267858
48.4565912680555,166.510161155033,0.291012818268424
0,166.510161155033,0
0,166.510161155033,0
0,166.510161155033,0
0,13.027632351683,20.5169090148478
10.2701656613609,51.2114534428784,2.94552637759802
31.0384548719667,58.2658955611627,3.02401046433843
16.9268857959375,79.0027845638826,2.02044425405136
0,99.3876183253421,0.902595717066839
41.4302450858032,112.20288098676,1.58731773242531
19.9677647589362,131.727363491573,1.12172725712824
27.1441423453167,111.799886597406,1.19134582515208
68.6713392840076,126.949627426689,1.72013965724106
40.6392255939765,148.335305901634,0.998124844497375
64.3699530184481,143.598649794891,1.44013298020797
48.2912510943487,163.945963861249,1.14015484997143
11.1469811765076,142.628888916397,1.60072869218863
60.6394944110502,259.564769893627,0.896740305893744
101.103184166118,251.81398140491,0.853709029175633
20.5316715859745,249.825163698156,0.0821841614433256
2.20462069634267,234.675422868873,0.326422397547791
39.9011387797812,223.918129177079,0.772505650221021
33.2728574586316,242.92911220514,0.782139276871975
98.3395251053556,249.973914226581,1.02902226789775
4.62158362123319,232.520409344803,0.881753899036594
0,103.357215760375,5.13518608829382
529.992438704127,179.179863831441,4.07789953058626
129.120143960562,241.3706755265,1.65542879046448
10.3853849948606,205.278604823839,1.04594891890514
21.6012568096577,234.467969080266,1.27801780794542
50.589973663935,245.560653243635,1.23076607777455
19.2089264201055,281.508903012848,2.28638637539777
109.306970266159,370.713073581654,1.92292796682883
64.494235217438,352.442214466083,1.10661424399553
314.58867768786,365.42402897112,1.41377711057196
51.4486120324512,355.65083306321,0.872768715756109
305.310278745587,392.644020034312,1.65700456449907
628.296153022574,441.972970702102,1.45695754536677
94.8842246887901,444.207213772105,1.08105042652367
0,394.394341197425,0.212436323328491
80.4706867811722,406.363438881074,0.592355003919988
731.567634680521,482.256196747366,1.72974341773793
194.35427163654,496.915032076875,0.891138741772917
35.9915529680355,443.853789198907,2.1892523788955
30.5102005502849,577.445128404447,0.538041093607315
297.047037757147,617.470700952255,0.732654265156993
52.0644643702999,604.802285447869,0.734107895344926
38.6034144342726,660.791666662102,1.90527166689609
181.194464310968,711.116532448402,1.77692108072024
269.550334142088,673.06868601865,1.23249912775403
119.7210416011,753.069576632142,0.71575178249472
499.56360432012,679.294353674777,0.878141078850918
69.3593923702688,693.14473542809,0.529495816628959
302.725706089995,680.703122372594,0.891584638181001
51.8294834174173,724.157228226773,0.637628062142939
443.162717419425,742.690725208054,0.862335806614684
81.3554075286655,748.682237102783,1.81436027588277
148.338279586646,875.124841992788,0.327418206812805
28.3875257510182,720.526170726772,0.290140219580287
168.798783986888,591.706542525589,0.481770643537587
33.1558259267296,571.062357295072,0.55842965568527
28.9566593921108,531.881799486205,0.407209743483217
21.3499921039055,442.414717185302,0.872433946310651
35.3334546830994,451.05027211912,0.479083207019769
15.8690526903201,207.697940491901,3.43721746162854
607.58547355217,307.417074079434,2.32904374933956
69.6030090445644,303.161190416122,1.51624687538908
54.3050597794702,333.07520513414,1.81876099118702
59.6510487988386,354.42788270938,0.457264688843752
16.1985737015074,342.254384847345,0.818670946618491
59.5639305484357,352.009081080773,1.09077558570739
8.48428685860852,272.810208183369,0.927357056245662
192.022900745568,292.253900103839,1.31049096240295
44.6840240179086,319.535784970629,0.707714005608246
25.3680772234688,210.951870282857,3.82429227576508
93.1497536657256,322.576660405351,1.25027859912657
331.561053675844,352.254465364063,1.70195613827431
72.0270791158956,390.5345504905,0.932865438630949
31.5853122758146,394.576544505096,0.801592379908701
30.5013064627023,364.775102565701,1.14845122885155
35.7845790047709,420.264403756176,1.285157224232
37.5410762091387,404.176396682974,1.04178811675089
48.7440752109015,458.965695386743,2.03546469418364
102.720990872209,429.527112717599,0.88331129056457
353.558655637509,469.053563774006,1.17508812248068
58.5128401040589,459.004995213363,0.957812324901204
7.68657332665762,437.625656745291,1.16881547732204
38.8135260933171,382.064328694877,0.609071497067665
230.949016940427,409.763038203594,1.45683683477001
577.346902833824,462.050019723857,1.95838670662457
98.9204096020867,508.839407379428,1.94271411130146
83.2331767782747,454.642207805652,0.590395585513662
250.65427748353,481.097290048276,0.637944996042742
40.9068440907351,489.134337378632,0.699931391884991
318.011701105535,492.67269110643,1.06070567245265
56.540493371728,493.665319828288,0.899921675772411
32.2791451398882,488.005555982179,0.286559791966306
68.4628159154134,503.37178819086,0.266619895703761
20.2954510426182,213.768408066176,6.00379001842152
158.381515891365,394.214862860311,0.832440965419301
267.183189706988,392.01393563636,1.35441421779474
33.8211488779902,349.368803704514,0.523959350509505
13.0305045907679,329.806527638212,0.847834516013519
26.7340113622342,343.132400485992,0.587735109882314
14.8936515967286,368.123393020504,1.78475135931781
57.6509324133073,252.567387837199,0.967737945605125
26.9181698838905,254.994391764115,3.1656798403995
90.6538799022228,328.786731370705,1.19685731574746
294.595545162324,372.052006350633,2.03319891167771
9.30347380446438,402.205791090995,0.990677203119398
36.0673603042383,394.723624448556,0.576291141376338
169.135970845533,524.83686053157,1.27911444388052
637.670967535009,569.897192749026,1.27450234115079
6.69353002370216,427.825046811982,0.648804402799057
267.387302505221,466.522367379928,1.41504419918747
67.0783560139515,456.65126423845,0.540540797550626
21.8081657772244,426.738071119595,0.726655495895623
29.6164232864974,440.57736128421,0.519382571750896
17.392233501398,274.536278477859,4.77546025816137
107.799663487855,374.934860879709,1.25666825142403
449.366568149627,426.844728384246,1.67864563077788
39.1056376177576,463.695230967409,0.58494932223451
256.871843293684,440.748103283559,1.73564050419178
110.739607697665,499.598032609599,0.544129228543762
74.588633478015,481.429873389378,0.730952954002037
32.8363282457679,492.587326953415,0.487410248533646
275.677809943236,392.952133413682,0.865041722702967
58.4847525978507,402.129587768645,3.66147411340778
16.2610947949363,476.657943291911,0.0369641356538529
17.4593947436991,476.851965303539,0.125532578884962
54.3952188244035,449.747463695998,0.75213179884081
2.87421107705632,343.139481301444,0.637417868773208
21.0505621274301,373.975056413737,0.508451372602322
60.227861104736,368.523882901744,0.40575911460883
42.398268136419,381.281606235127,0.932804033667067
22.6469441054847,159.306682317948,0.79385585300785
124.968965063019,174.138053471645,3.79052385528788
115.273153896297,250.581693576595,1.17853795868234
18.5707207260121,229.497910344689,1.91538694941654
64.4541438262637,289.641707725628,1.01355671874929
9.6451141767612,291.53672619463,2.08047775479346
151.125111147603,352.650010587675,0.999368890709991
29.7965585778078,323.897942485649,2.77092069984537
10.3023559915185,356.579924783144,0.459148472881734
156.332623108677,352.776194525761,0.973092347881872
35.9027818203177,379.483507711365,0.383707437092505
113.259471890543,395.156059474577,1.56481860399167
88.6862024230515,407.16770230154,0.512495091122136
187.872551904425,424.308451768678,0.886615098131754
36.9454872492597,418.481533572897,0.433653236799547
174.701387127325,439.128731333678,0.953622174739992
28.494406499703,359.967104264987,1.00843123016865
31.4743467324063,306.959169479366,1.58723775313908
472.602863215302,372.065288870432,2.1170429588198
113.616560295958,395.158798138454,0.774604478018062
51.1684052721611,359.425150070564,0.648316245874493
21.3098141869711,337.853242452051,1.18192334469919
121.327489160429,356.988286953695,1.24151817683176
174.095089614182,550.908420284998,1.03727783362651
82.1732783259056,497.555824650582,0.530472674686568
259.426965386746,523.522466190921,0.511641810835564
262.535782661018,524.726611509246,0.623467646257974
24.6428231662836,438.014816774075,0.958484419242787
369.645977564497,494.470181646811,1.69721335055045
117.393922344711,561.552383957608,0.51981331477159
272.417629808896,586.482167354491,0.729220722372942
11.795309957987,528.68184465225,0.498536606729454
62.8743226873669,518.666413924507,0.524632919941633
23.9832645367706,548.557149999578,1.27089689751794
59.2494963610909,425.838854114552,1.55988758527894
427.009057798675,455.504745885404,1.57951471843934
159.646105422234,471.319160437393,1.01926640849063
426.916640033924,506.706357939644,1.00499737963878
32.1233766175176,394.929065319215,0.951180718996409
357.749166963287,444.0041418457,1.2488026640146
86.7055446975144,472.107625875291,1.04384246870173
44.5355080863892,483.01257462996,0.657278462662178
124.767265917153,462.860253431573,1.09956746585495
73.4406781388295,475.961884481186,0.866769609450333
36.2551208449402,466.823743646163,0.838452577462083
225.18630273099,440.381533123756,0.955277670556922
61.7063607405236,410.295804180713,2.03427007201643
101.620670462115,520.716677663315,1.07180428958106
13.4521090059,430.272713957842,5.29936057129048
58.4818793225701,680.761045113572,0.313090941465856
203.232730576374,702.855079000046,0.379004246722733
19.5327520443078,661.140490279989,0.389806015605542
220.330239956734,695.166745741022,1.37682838307442
135.95285928887,662.073689995738,1.54687354732409
129.359492462235,788.958178302136,0.444730093591141
90.7136676722926,709.182405859251,0.359188347272208
18.4339176636382,732.613318516797,1.82965846331979
142.440941409671,597.653332039224,0.443376544338204
242.709141410785,585.161464501603,1.08204516088765
80.9337948181719,618.84771484243,0.406536502966792
23.0469045501357,634.204580820655,0.532041996345485
319.001224842222,679.115518923674,1.18287857959224
96.7271361406671,609.019964750109,0.686967703194039
34.2726413583401,496.440613333634,0.700083277096596
36.2454321338733,514.755017204834,0.616122146316043
21.1656539707548,531.453609389191,4.42507495220087
268.357941277414,660.82683110627,0.862190862519033
527.992531797542,648.103820337515,1.12959781696226
59.7294763040933,652.882925734337,1.16748369754234
98.2131165414528,708.329229901959,0.435497792172051
284.60970163384,738.366758360785,0.864332079746164
3.6273270535907,628.987809549809,0.453897870671421
30.1713699388198,629.125290476384,0.455240582828314
281.813693536857,665.729861043481,0.507060173062506
24.1104306299116,673.694347474442,3.09502192647688
2003.44657780803,635.184625382003,3.58469428740203
255.850864147044,671.455654075641,0.897244657583531
558.136411368989,648.756238539376,1.21088515842749
0,0,Inf
7.96255916218254,11.2686433174027,31.510337762403
7.76737790679955,60.8566715878631,1.36589049632552
0,71.6218389383011,4.77805806108953
0,0,Inf
1.41797975027961,21.812362306827,11.7854334603201
23.8125101083045,58.3338144252875,2.1252077261826
122.533137083371,72.6422377118617,2.18361586846659
68.8002045429648,77.7978956983149,4.08581909351425
74.2021666744265,113.379027574949,2.37567469029149
0,141.257530367127,0.670588773588939
13.284648309558,132.977412924456,1.68807739929795
20.3415082164635,163.147629648074,1.20036852968312
0,0,Inf
